listing_id,observed_nights,occupied_nights,occupancy_rate,estimated_revenue,average_booked_price
3335,365,56,0.15342465753424658,0.0,
4291,365,0,0.0,0.0,
5682,365,56,0.15342465753424658,0.0,
6606,365,0,0.0,0.0,
7369,365,312,0.8547945205479452,0.0,
9419,365,0,0.0,0.0,
9460,365,308,0.8438356164383561,0.0,
9531,365,185,0.5068493150684932,0.0,
9534,365,103,0.2821917808219178,0.0,
9596,365,2,0.005479452054794521,0.0,
10385,365,0,0.0,0.0,
10695,365,0,0.0,0.0,
11012,365,0,0.0,0.0,
11411,365,0,0.0,0.0,
13068,365,21,0.057534246575342465,0.0,
14386,365,49,0.13424657534246576,0.0,
15108,365,59,0.16164383561643836,0.0,
17951,365,58,0.1589041095890411,0.0,
19611,365,214,0.5863013698630137,0.0,
19619,365,228,0.6246575342465753,0.0,
19623,365,193,0.5287671232876713,0.0,
20868,365,7,0.019178082191780823,0.0,
20927,365,24,0.06575342465753424,0.0,
20928,365,31,0.08493150684931507,0.0,
23192,365,25,0.0684931506849315,0.0,
23356,365,38,0.10410958904109589,0.0,
23430,365,207,0.5671232876712329,0.0,
23919,365,48,0.13150684931506848,0.0,
24212,365,221,0.6054794520547945,0.0,
25002,365,57,0.15616438356164383,0.0,
26116,365,0,0.0,0.0,
30712,365,7,0.019178082191780823,0.0,
37234,365,54,0.14794520547945206,0.0,
38545,365,8,0.021917808219178082,0.0,
41401,365,28,0.07671232876712329,0.0,
43373,365,27,0.07397260273972603,0.0,
46022,365,2,0.005479452054794521,0.0,
47196,365,17,0.04657534246575343,0.0,
47491,365,199,0.5452054794520548,0.0,
48319,365,243,0.6657534246575343,0.0,
48848,365,193,0.5287671232876713,0.0,
50233,365,128,0.3506849315068493,0.0,
51826,365,0,0.0,0.0,
52525,365,0,0.0,0.0,
53803,365,57,0.15616438356164383,0.0,
53867,365,345,0.9452054794520548,0.0,
58503,365,4,0.010958904109589041,0.0,
59708,365,202,0.5534246575342465,0.0,
59827,365,161,0.4410958904109589,0.0,
59838,365,211,0.5780821917808219,0.0,
63308,365,91,0.2493150684931507,0.0,
63733,365,201,0.5506849315068493,0.0,
66540,365,0,0.0,0.0,
66611,365,6,0.01643835616438356,0.0,
67270,365,2,0.005479452054794521,0.0,
68508,365,57,0.15616438356164383,0.0,
72743,365,1,0.0027397260273972603,0.0,
74328,365,0,0.0,0.0,
80188,365,0,0.0,0.0,
82763,365,0,0.0,0.0,
84030,365,0,0.0,0.0,
86185,365,0,0.0,0.0,
92835,365,14,0.038356164383561646,0.0,
103466,365,6,0.01643835616438356,0.0,
103908,365,0,0.0,0.0,
103920,365,0,0.0,0.0,
107046,365,365,1.0,0.0,
107962,365,328,0.8986301369863013,0.0,
108468,365,0,0.0,0.0,
108765,365,15,0.0410958904109589,0.0,
113951,365,28,0.07671232876712329,0.0,
116221,365,117,0.32054794520547947,0.0,
117165,365,12,0.03287671232876712,0.0,
117862,365,60,0.1643835616438356,0.0,
119103,365,10,0.0273972602739726,0.0,
132120,365,0,0.0,0.0,
132160,365,186,0.5095890410958904,0.0,
134091,365,287,0.7863013698630137,0.0,
136480,365,53,0.14520547945205478,0.0,
139463,365,67,0.18356164383561643,0.0,
140331,365,4,0.010958904109589041,0.0,
143580,365,9,0.024657534246575342,0.0,
143704,365,18,0.049315068493150684,0.0,
146301,365,38,0.10410958904109589,0.0,
149489,365,0,0.0,0.0,
153967,365,4,0.010958904109589041,0.0,
157939,365,79,0.21643835616438356,0.0,
158345,365,5,0.0136986301369863,0.0,
158953,365,2,0.005479452054794521,0.0,
160222,365,95,0.2602739726027397,0.0,
170273,365,0,0.0,0.0,
170469,365,6,0.01643835616438356,0.0,
173896,365,9,0.024657534246575342,0.0,
174636,365,1,0.0027397260273972603,0.0,
175576,365,212,0.5808219178082191,0.0,
176678,365,0,0.0,0.0,
178844,365,0,0.0,0.0,
180939,365,0,0.0,0.0,
182716,365,302,0.8273972602739726,0.0,
186328,365,34,0.09315068493150686,0.0,
189156,365,310,0.8493150684931506,0.0,
190984,365,11,0.030136986301369864,0.0,
193371,365,319,0.873972602739726,0.0,
193836,365,90,0.2465753424657534,0.0,
194313,365,3,0.00821917808219178,0.0,
202174,365,90,0.2465753424657534,0.0,
202251,365,0,0.0,0.0,
202260,365,240,0.6575342465753424,0.0,
206781,365,19,0.052054794520547946,0.0,
208356,365,25,0.0684931506849315,0.0,
208670,365,149,0.40821917808219177,0.0,
210316,365,0,0.0,0.0,
215882,365,12,0.03287671232876712,0.0,
215954,365,0,0.0,0.0,
217142,365,35,0.0958904109589041,0.0,
218741,365,192,0.5260273972602739,0.0,
219532,365,132,0.36164383561643837,0.0,
224763,365,30,0.0821917808219178,0.0,
226495,365,132,0.36164383561643837,0.0,
226536,365,88,0.2410958904109589,0.0,
226677,365,1,0.0027397260273972603,0.0,
227636,365,45,0.1232876712328767,0.0,
231097,365,6,0.01643835616438356,0.0,
233502,365,34,0.09315068493150686,0.0,
234898,365,299,0.8191780821917808,0.0,
240920,365,57,0.15616438356164383,0.0,
241016,365,11,0.030136986301369864,0.0,
241032,365,19,0.052054794520547946,0.0,
244499,365,26,0.07123287671232877,0.0,
251922,365,316,0.8657534246575342,0.0,
254340,365,0,0.0,0.0,
257140,365,161,0.4410958904109589,0.0,
258571,365,263,0.7205479452054795,0.0,
260613,365,10,0.0273972602739726,0.0,
261912,365,347,0.9506849315068493,0.0,
262764,365,138,0.3780821917808219,0.0,
264829,365,0,0.0,0.0,
265901,365,0,0.0,0.0,
270370,365,296,0.810958904109589,0.0,
271509,365,193,0.5287671232876713,0.0,
277416,365,10,0.0273972602739726,0.0,
278192,365,0,0.0,0.0,
278830,365,0,0.0,0.0,
279063,365,1,0.0027397260273972603,0.0,
281208,365,96,0.26301369863013696,0.0,
281789,365,337,0.9232876712328767,0.0,
282934,365,328,0.8986301369863013,0.0,
284087,365,30,0.0821917808219178,0.0,
284480,365,92,0.25205479452054796,0.0,
284813,365,365,1.0,0.0,
286080,365,193,0.5287671232876713,0.0,
286712,365,0,0.0,0.0,
293890,365,151,0.4136986301369863,0.0,
299817,365,0,0.0,0.0,
301059,365,193,0.5287671232876713,0.0,
314180,365,233,0.6383561643835617,0.0,
315120,365,2,0.005479452054794521,0.0,
317248,365,303,0.8301369863013699,0.0,
319768,365,269,0.736986301369863,0.0,
320704,365,0,0.0,0.0,
338043,365,9,0.024657534246575342,0.0,
338091,365,0,0.0,0.0,
340706,365,212,0.5808219178082191,0.0,
341454,365,47,0.12876712328767123,0.0,
353039,365,65,0.1780821917808219,0.0,
353110,365,64,0.17534246575342466,0.0,
353347,365,34,0.09315068493150686,0.0,
354453,365,0,0.0,0.0,
356566,365,18,0.049315068493150684,0.0,
356608,365,78,0.2136986301369863,0.0,
363064,365,186,0.5095890410958904,0.0,
365550,365,44,0.12054794520547946,0.0,
366301,365,279,0.7643835616438356,0.0,
368403,365,30,0.0821917808219178,0.0,
370361,365,14,0.038356164383561646,0.0,
380950,365,160,0.4383561643835616,0.0,
384797,365,45,0.1232876712328767,0.0,
385438,365,307,0.8410958904109589,0.0,
387078,365,0,0.0,0.0,
387079,365,0,0.0,0.0,
387464,365,3,0.00821917808219178,0.0,
392140,365,0,0.0,0.0,
392779,365,190,0.5205479452054794,0.0,
394408,365,197,0.5397260273972603,0.0,
397117,365,41,0.11232876712328767,0.0,
408526,365,0,0.0,0.0,
413733,365,0,0.0,0.0,
421168,365,29,0.07945205479452055,0.0,
426089,365,7,0.019178082191780823,0.0,
429453,365,28,0.07671232876712329,0.0,
430453,365,0,0.0,0.0,
430609,365,4,0.010958904109589041,0.0,
430610,365,6,0.01643835616438356,0.0,
442487,365,123,0.336986301369863,0.0,
443580,365,125,0.3424657534246575,0.0,
443736,365,120,0.3287671232876712,0.0,
443942,365,0,0.0,0.0,
444221,365,228,0.6246575342465753,0.0,
445199,365,365,1.0,0.0,
446276,365,12,0.03287671232876712,0.0,
447488,365,276,0.7561643835616438,0.0,
447523,365,0,0.0,0.0,
449602,365,0,0.0,0.0,
451012,365,348,0.9534246575342465,0.0,
456040,365,18,0.049315068493150684,0.0,
458183,365,363,0.9945205479452055,0.0,
458186,365,363,0.9945205479452055,0.0,
458189,365,363,0.9945205479452055,0.0,
458191,365,363,0.9945205479452055,0.0,
458193,365,363,0.9945205479452055,0.0,
458197,365,363,0.9945205479452055,0.0,
461234,365,20,0.0547945205479452,0.0,
461567,365,208,0.5698630136986301,0.0,
463768,365,127,0.34794520547945207,0.0,
475361,365,7,0.019178082191780823,0.0,
479653,365,139,0.38082191780821917,0.0,
481220,365,7,0.019178082191780823,0.0,
486344,365,6,0.01643835616438356,0.0,
486829,365,180,0.4931506849315068,0.0,
488268,365,278,0.7616438356164383,0.0,
490076,365,189,0.5178082191780822,0.0,
491958,365,83,0.2273972602739726,0.0,
492287,365,0,0.0,0.0,
493591,365,4,0.010958904109589041,0.0,
496074,365,0,0.0,0.0,
506542,365,16,0.043835616438356165,0.0,
522287,365,279,0.7643835616438356,0.0,
523883,365,4,0.010958904109589041,0.0,
529090,365,0,0.0,0.0,
533443,365,276,0.7561643835616438,0.0,
535300,365,4,0.010958904109589041,0.0,
544433,365,33,0.09041095890410959,0.0,
555182,365,0,0.0,0.0,
555858,365,0,0.0,0.0,
557126,365,197,0.5397260273972603,0.0,
565703,365,31,0.08493150684931507,0.0,
566435,365,5,0.0136986301369863,0.0,
571640,365,0,0.0,0.0,
571651,365,0,0.0,0.0,
573942,365,57,0.15616438356164383,0.0,
580182,365,129,0.35342465753424657,0.0,
580815,365,53,0.14520547945205478,0.0,
585418,365,194,0.5315068493150685,0.0,
587584,365,191,0.5232876712328767,0.0,
598023,365,1,0.0027397260273972603,0.0,
604600,365,0,0.0,0.0,
606297,365,2,0.005479452054794521,0.0,
607788,365,0,0.0,0.0,
609252,365,0,0.0,0.0,
609421,365,0,0.0,0.0,
609610,365,45,0.1232876712328767,0.0,
609701,365,58,0.1589041095890411,0.0,
610989,365,363,0.9945205479452055,0.0,
611500,365,0,0.0,0.0,
611509,365,149,0.40821917808219177,0.0,
613020,365,336,0.9205479452054794,0.0,
613151,365,0,0.0,0.0,
619366,365,263,0.7205479452054795,0.0,
631445,365,8,0.021917808219178082,0.0,
637326,365,0,0.0,0.0,
637710,365,29,0.07945205479452055,0.0,
639130,365,43,0.1178082191780822,0.0,
649243,365,0,0.0,0.0,
654734,365,4,0.010958904109589041,0.0,
656909,365,364,0.9972602739726028,0.0,
660603,365,32,0.08767123287671233,0.0,
666897,365,28,0.07671232876712329,0.0,
668169,365,332,0.9095890410958904,0.0,
670009,365,0,0.0,0.0,
670021,365,272,0.7452054794520548,0.0,
670056,365,272,0.7452054794520548,0.0,
670262,365,21,0.057534246575342465,0.0,
671828,365,27,0.07397260273972603,0.0,
674113,365,90,0.2465753424657534,0.0,
677266,365,1,0.0027397260273972603,0.0,
682135,365,59,0.16164383561643836,0.0,
685600,365,0,0.0,0.0,
689309,365,47,0.12876712328767123,0.0,
692080,365,0,0.0,0.0,
692671,365,88,0.2410958904109589,0.0,
693956,365,349,0.9561643835616438,0.0,
696004,365,0,0.0,0.0,
699460,365,38,0.10410958904109589,0.0,
699596,365,234,0.6410958904109589,0.0,
703058,365,172,0.4712328767123288,0.0,
704477,365,277,0.7589041095890411,0.0,
704764,365,199,0.5452054794520548,0.0,
706385,365,210,0.5753424657534246,0.0,
707424,365,7,0.019178082191780823,0.0,
708774,365,35,0.0958904109589041,0.0,
714043,365,240,0.6575342465753424,0.0,
716829,365,0,0.0,0.0,
719233,365,325,0.8904109589041096,0.0,
722537,365,51,0.13972602739726028,0.0,
723723,365,0,0.0,0.0,
723846,365,42,0.11506849315068493,0.0,
741699,365,205,0.5616438356164384,0.0,
745099,365,28,0.07671232876712329,0.0,
746380,365,0,0.0,0.0,
748526,365,8,0.021917808219178082,0.0,
749758,365,156,0.4273972602739726,0.0,
752483,365,0,0.0,0.0,
755613,365,277,0.7589041095890411,0.0,
757840,365,62,0.16986301369863013,0.0,
762029,365,263,0.7205479452054795,0.0,
769213,365,29,0.07945205479452055,0.0,
774659,365,125,0.3424657534246575,0.0,
777159,365,365,1.0,0.0,
781474,365,276,0.7561643835616438,0.0,
783061,365,120,0.3287671232876712,0.0,
785830,365,293,0.8027397260273973,0.0,
788146,365,0,0.0,0.0,
789229,365,2,0.005479452054794521,0.0,
789966,365,0,0.0,0.0,
790860,365,27,0.07397260273972603,0.0,
793629,365,202,0.5534246575342465,0.0,
794633,365,28,0.07671232876712329,0.0,
796594,365,0,0.0,0.0,
797358,365,334,0.915068493150685,0.0,
799882,365,153,0.4191780821917808,0.0,
803902,365,125,0.3424657534246575,0.0,
808134,365,203,0.5561643835616439,0.0,
808811,365,0,0.0,0.0,
815017,365,10,0.0273972602739726,0.0,
817115,365,24,0.06575342465753424,0.0,
823989,365,21,0.057534246575342465,0.0,
825574,365,41,0.11232876712328767,0.0,
826436,365,277,0.7589041095890411,0.0,
828298,365,198,0.5424657534246575,0.0,
830948,365,0,0.0,0.0,
835149,365,3,0.00821917808219178,0.0,
838764,365,14,0.038356164383561646,0.0,
841049,365,5,0.0136986301369863,0.0,
841140,365,189,0.5178082191780822,0.0,
841274,365,90,0.2465753424657534,0.0,
843812,365,360,0.9863013698630136,0.0,
844939,365,29,0.07945205479452055,0.0,
856550,365,265,0.726027397260274,0.0,
859467,365,27,0.07397260273972603,0.0,
872152,365,85,0.2328767123287671,0.0,
873073,365,344,0.9424657534246575,0.0,
877203,365,27,0.07397260273972603,0.0,
879181,365,29,0.07945205479452055,0.0,
882274,365,165,0.4520547945205479,0.0,
888967,365,186,0.5095890410958904,0.0,
890677,365,302,0.8273972602739726,0.0,
902243,365,12,0.03287671232876712,0.0,
902609,365,37,0.10136986301369863,0.0,
904057,365,107,0.29315068493150687,0.0,
909102,365,14,0.038356164383561646,0.0,
910784,365,19,0.052054794520547946,0.0,
911001,365,130,0.3561643835616438,0.0,
921571,365,237,0.6493150684931507,0.0,
922986,365,6,0.01643835616438356,0.0,
931154,365,6,0.01643835616438356,0.0,
931758,365,9,0.024657534246575342,0.0,
931785,365,4,0.010958904109589041,0.0,
934123,365,5,0.0136986301369863,0.0,
934216,365,3,0.00821917808219178,0.0,
935432,365,12,0.03287671232876712,0.0,
935671,365,13,0.03561643835616438,0.0,
935845,365,337,0.9232876712328767,0.0,
935862,365,8,0.021917808219178082,0.0,
936177,365,3,0.00821917808219178,0.0,
936378,365,1,0.0027397260273972603,0.0,
936484,365,4,0.010958904109589041,0.0,
937370,365,4,0.010958904109589041,0.0,
938785,365,6,0.01643835616438356,0.0,
941467,365,336,0.9205479452054794,0.0,
942490,365,0,0.0,0.0,
944237,365,51,0.13972602739726028,0.0,
945645,365,45,0.1232876712328767,0.0,
945833,365,152,0.41643835616438357,0.0,
948077,365,36,0.09863013698630137,0.0,
953595,365,74,0.20273972602739726,0.0,
955506,365,0,0.0,0.0,
958475,365,274,0.7506849315068493,0.0,
973859,365,0,0.0,0.0,
975179,365,4,0.010958904109589041,0.0,
977722,365,260,0.7123287671232876,0.0,
988176,365,176,0.4821917808219178,0.0,
991961,365,226,0.6191780821917808,0.0,
995443,365,87,0.23835616438356164,0.0,
1000883,365,5,0.0136986301369863,0.0,
1002835,365,0,0.0,0.0,
1003890,365,10,0.0273972602739726,0.0,
1009838,365,10,0.0273972602739726,0.0,
1012003,365,47,0.12876712328767123,0.0,
1018204,365,173,0.473972602739726,0.0,
1022135,365,1,0.0027397260273972603,0.0,
1023693,365,8,0.021917808219178082,0.0,
1027860,365,57,0.15616438356164383,0.0,
1029680,365,134,0.36712328767123287,0.0,
1030411,365,365,1.0,0.0,
1030615,365,351,0.9616438356164384,0.0,
1039766,365,13,0.03561643835616438,0.0,
1042022,365,9,0.024657534246575342,0.0,
1043194,365,4,0.010958904109589041,0.0,
1048798,365,9,0.024657534246575342,0.0,
1049293,365,365,1.0,0.0,
1055661,365,216,0.5917808219178082,0.0,
1060467,365,0,0.0,0.0,
1063855,365,0,0.0,0.0,
1069562,365,276,0.7561643835616438,0.0,
1071843,365,82,0.22465753424657534,0.0,
1080097,365,1,0.0027397260273972603,0.0,
1084046,365,8,0.021917808219178082,0.0,
1084084,365,1,0.0027397260273972603,0.0,
1090307,365,28,0.07671232876712329,0.0,
1090449,365,11,0.030136986301369864,0.0,
1095207,365,210,0.5753424657534246,0.0,
1097520,365,3,0.00821917808219178,0.0,
1097766,365,0,0.0,0.0,
1100686,365,18,0.049315068493150684,0.0,
1100714,365,289,0.7917808219178082,0.0,
1107845,365,308,0.8438356164383561,0.0,
1110749,365,203,0.5561643835616439,0.0,
1112092,365,276,0.7561643835616438,0.0,
1114695,365,10,0.0273972602739726,0.0,
1118153,365,29,0.07945205479452055,0.0,
1122236,365,1,0.0027397260273972603,0.0,
1123977,365,0,0.0,0.0,
1133329,365,307,0.8410958904109589,0.0,
1136522,365,0,0.0,0.0,
1136984,365,60,0.1643835616438356,0.0,
1141226,365,63,0.1726027397260274,0.0,
1142039,365,31,0.08493150684931507,0.0,
1145148,365,62,0.16986301369863013,0.0,
1145590,365,0,0.0,0.0,
1145941,365,42,0.11506849315068493,0.0,
1146966,365,295,0.8082191780821918,0.0,
1147349,365,34,0.09315068493150686,0.0,
1148517,365,277,0.7589041095890411,0.0,
1150519,365,27,0.07397260273972603,0.0,
1157083,365,363,0.9945205479452055,0.0,
1159111,365,38,0.10410958904109589,0.0,
1159226,365,22,0.06027397260273973,0.0,
1163345,365,10,0.0273972602739726,0.0,
1167507,365,29,0.07945205479452055,0.0,
1171574,365,85,0.2328767123287671,0.0,
1175308,365,179,0.4904109589041096,0.0,
1179538,365,39,0.10684931506849316,0.0,
1184846,365,4,0.010958904109589041,0.0,
1187735,365,17,0.04657534246575343,0.0,
1190224,365,0,0.0,0.0,
1190571,365,0,0.0,0.0,
1198799,365,28,0.07671232876712329,0.0,
1198884,365,105,0.2876712328767123,0.0,
1200083,365,5,0.0136986301369863,0.0,
1200829,365,194,0.5315068493150685,0.0,
1204142,365,77,0.21095890410958903,0.0,
1205666,365,28,0.07671232876712329,0.0,
1209255,365,105,0.2876712328767123,0.0,
1209447,365,365,1.0,0.0,
1214306,365,19,0.052054794520547946,0.0,
1214316,365,55,0.1506849315068493,0.0,
1219691,365,79,0.21643835616438356,0.0,
1220471,365,354,0.9698630136986301,0.0,
1220816,365,90,0.2465753424657534,0.0,
1223644,365,280,0.7671232876712328,0.0,
1225820,365,23,0.06301369863013699,0.0,
1244053,365,276,0.7561643835616438,0.0,
1246117,365,278,0.7616438356164383,0.0,
1246769,365,42,0.11506849315068493,0.0,
1246809,365,0,0.0,0.0,
1249060,365,290,0.7945205479452054,0.0,
1251707,365,0,0.0,0.0,
1251763,365,24,0.06575342465753424,0.0,
1251813,365,0,0.0,0.0,
1252147,365,277,0.7589041095890411,0.0,
1252740,365,29,0.07945205479452055,0.0,
1256883,365,83,0.2273972602739726,0.0,
1256892,365,4,0.010958904109589041,0.0,
1259305,365,0,0.0,0.0,
1260259,365,0,0.0,0.0,
1263470,365,178,0.4876712328767123,0.0,
1264287,365,72,0.19726027397260273,0.0,
1266459,365,30,0.0821917808219178,0.0,
1273432,365,34,0.09315068493150686,0.0,
1277033,365,0,0.0,0.0,
1279660,365,12,0.03287671232876712,0.0,
1289082,365,0,0.0,0.0,
1301535,365,192,0.5260273972602739,0.0,
1305009,365,48,0.13150684931506848,0.0,
1307898,365,282,0.7726027397260274,0.0,
1317919,365,0,0.0,0.0,
1321090,365,69,0.18904109589041096,0.0,
1323446,365,39,0.10684931506849316,0.0,
1323634,365,0,0.0,0.0,
1328159,365,11,0.030136986301369864,0.0,
1340668,365,0,0.0,0.0,
1343805,365,212,0.5808219178082191,0.0,
1348777,365,0,0.0,0.0,
1349175,365,27,0.07397260273972603,0.0,
1351716,365,99,0.27123287671232876,0.0,
1354750,365,317,0.8684931506849315,0.0,
1355094,365,32,0.08767123287671233,0.0,
1356339,365,22,0.06027397260273973,0.0,
1364440,365,0,0.0,0.0,
1377812,365,0,0.0,0.0,
1386306,365,8,0.021917808219178082,0.0,
1392332,365,57,0.15616438356164383,0.0,
1404307,365,0,0.0,0.0,
1407502,365,0,0.0,0.0,
1416279,365,301,0.8246575342465754,0.0,
1416763,365,0,0.0,0.0,
1417880,365,0,0.0,0.0,
1427103,365,24,0.06575342465753424,0.0,
1428687,365,10,0.0273972602739726,0.0,
1429904,365,21,0.057534246575342465,0.0,
1432713,365,0,0.0,0.0,
1433440,365,142,0.38904109589041097,0.0,
1439237,365,21,0.057534246575342465,0.0,
1442973,365,150,0.410958904109589,0.0,
1450262,365,46,0.12602739726027398,0.0,
1455269,365,287,0.7863013698630137,0.0,
1455908,365,20,0.0547945205479452,0.0,
1457330,365,247,0.6767123287671233,0.0,
1461971,365,363,0.9945205479452055,0.0,
1472532,365,38,0.10410958904109589,0.0,
1476298,365,69,0.18904109589041096,0.0,
1483944,365,88,0.2410958904109589,0.0,
1484651,365,5,0.0136986301369863,0.0,
1488166,365,0,0.0,0.0,
1493197,365,175,0.4794520547945205,0.0,
1494828,365,34,0.09315068493150686,0.0,
1494986,365,41,0.11232876712328767,0.0,
1495271,365,360,0.9863013698630136,0.0,
1499596,365,356,0.9753424657534246,0.0,
1511620,365,0,0.0,0.0,
1513847,365,15,0.0410958904109589,0.0,
1520449,365,7,0.019178082191780823,0.0,
1520501,365,0,0.0,0.0,
1520533,365,7,0.019178082191780823,0.0,
1520549,365,32,0.08767123287671233,0.0,
1520581,365,15,0.0410958904109589,0.0,
1520593,365,0,0.0,0.0,
1521633,365,0,0.0,0.0,
1525972,365,6,0.01643835616438356,0.0,
1531458,365,12,0.03287671232876712,0.0,
1534622,365,0,0.0,0.0,
1537246,365,99,0.27123287671232876,0.0,
1538865,365,121,0.3315068493150685,0.0,
1539463,365,0,0.0,0.0,
1539476,365,0,0.0,0.0,
1541705,365,0,0.0,0.0,
1545801,365,0,0.0,0.0,
1547337,365,14,0.038356164383561646,0.0,
1549973,365,0,0.0,0.0,
1556170,365,18,0.049315068493150684,0.0,
1557314,365,0,0.0,0.0,
1561256,365,8,0.021917808219178082,0.0,
1562643,365,60,0.1643835616438356,0.0,
1566487,365,4,0.010958904109589041,0.0,
1571230,365,0,0.0,0.0,
1579615,365,25,0.0684931506849315,0.0,
1583047,365,108,0.2958904109589041,0.0,
1589461,365,0,0.0,0.0,
1589681,365,8,0.021917808219178082,0.0,
1593939,365,0,0.0,0.0,
1593991,365,0,0.0,0.0,
1594219,365,98,0.2684931506849315,0.0,
1594313,365,98,0.2684931506849315,0.0,
1594328,365,281,0.7698630136986301,0.0,
1594412,365,0,0.0,0.0,
1599856,365,17,0.04657534246575343,0.0,
1601714,365,0,0.0,0.0,
1602421,365,241,0.6602739726027397,0.0,
1602488,365,0,0.0,0.0,
1606171,365,11,0.030136986301369864,0.0,
1609922,365,349,0.9561643835616438,0.0,
1614502,365,0,0.0,0.0,
1618842,365,52,0.14246575342465753,0.0,
1622794,365,60,0.1643835616438356,0.0,
1623894,365,272,0.7452054794520548,0.0,
1633025,365,0,0.0,0.0,
1633986,365,257,0.7041095890410959,0.0,
1651324,365,159,0.43561643835616437,0.0,
1652097,365,6,0.01643835616438356,0.0,
1652107,365,200,0.547945205479452,0.0,
1672979,365,0,0.0,0.0,
1684236,365,17,0.04657534246575343,0.0,
1686930,365,56,0.15342465753424658,0.0,
1686958,365,181,0.4958904109589041,0.0,
1692318,365,292,0.8,0.0,
1696015,365,75,0.2054794520547945,0.0,
1696194,365,4,0.010958904109589041,0.0,
1702092,365,0,0.0,0.0,
1707064,365,6,0.01643835616438356,0.0,
1709737,365,1,0.0027397260273972603,0.0,
1715582,365,271,0.7424657534246575,0.0,
1716901,365,270,0.7397260273972602,0.0,
1724849,365,39,0.10684931506849316,0.0,
1732280,365,4,0.010958904109589041,0.0,
1732441,365,0,0.0,0.0,
1733747,365,6,0.01643835616438356,0.0,
1737244,365,0,0.0,0.0,
1738425,365,6,0.01643835616438356,0.0,
1742425,365,285,0.7808219178082192,0.0,
1747184,365,244,0.6684931506849315,0.0,
1750010,365,162,0.4438356164383562,0.0,
1750681,365,134,0.36712328767123287,0.0,
1758935,365,17,0.04657534246575343,0.0,
1761870,365,271,0.7424657534246575,0.0,
1762354,365,365,1.0,0.0,
1763809,365,28,0.07671232876712329,0.0,
1764233,365,32,0.08767123287671233,0.0,
1768883,365,363,0.9945205479452055,0.0,
1772119,365,23,0.06301369863013699,0.0,
1773803,365,3,0.00821917808219178,0.0,
1775016,365,22,0.06027397260273973,0.0,
1777158,365,79,0.21643835616438356,0.0,
1778989,365,100,0.273972602739726,0.0,
1781723,365,349,0.9561643835616438,0.0,
1781873,365,186,0.5095890410958904,0.0,
1782140,365,65,0.1780821917808219,0.0,
1783382,365,13,0.03561643835616438,0.0,
1786923,365,16,0.043835616438356165,0.0,
1789341,365,191,0.5232876712328767,0.0,
1790020,365,0,0.0,0.0,
1793138,365,79,0.21643835616438356,0.0,
1796217,365,163,0.4465753424657534,0.0,
1796302,365,340,0.9315068493150684,0.0,
1796861,365,57,0.15616438356164383,0.0,
1797207,365,216,0.5917808219178082,0.0,
1799255,365,3,0.00821917808219178,0.0,
1802663,365,22,0.06027397260273973,0.0,
1806899,365,59,0.16164383561643836,0.0,
1815304,365,41,0.11232876712328767,0.0,
1815472,365,45,0.1232876712328767,0.0,
1815677,365,212,0.5808219178082191,0.0,
1817878,365,96,0.26301369863013696,0.0,
1818754,365,282,0.7726027397260274,0.0,
1818768,365,282,0.7726027397260274,0.0,
1820794,365,134,0.36712328767123287,0.0,
1826155,365,22,0.06027397260273973,0.0,
1827586,365,0,0.0,0.0,
1828232,365,157,0.4301369863013699,0.0,
1831338,365,0,0.0,0.0,
1833250,365,30,0.0821917808219178,0.0,
1840671,365,0,0.0,0.0,
1844791,365,71,0.19452054794520549,0.0,
1851837,365,209,0.5726027397260274,0.0,
1851863,365,71,0.19452054794520549,0.0,
1856253,365,3,0.00821917808219178,0.0,
1856851,365,176,0.4821917808219178,0.0,
1856970,365,3,0.00821917808219178,0.0,
1857141,365,294,0.8054794520547945,0.0,
1872885,365,132,0.36164383561643837,0.0,
1880734,365,1,0.0027397260273972603,0.0,
1882316,365,79,0.21643835616438356,0.0,
1885801,365,1,0.0027397260273972603,0.0,
1897000,365,2,0.005479452054794521,0.0,
1898511,365,285,0.7808219178082192,0.0,
1900698,365,52,0.14246575342465753,0.0,
1901706,365,28,0.07671232876712329,0.0,
1905473,365,34,0.09315068493150686,0.0,
1909058,365,19,0.052054794520547946,0.0,
1914051,365,56,0.15342465753424658,0.0,
1920477,365,13,0.03561643835616438,0.0,
1925661,365,42,0.11506849315068493,0.0,
1928010,365,25,0.0684931506849315,0.0,
1935439,365,95,0.2602739726027397,0.0,
1940787,365,196,0.536986301369863,0.0,
1944596,365,110,0.3013698630136986,0.0,
1950012,365,272,0.7452054794520548,0.0,
1950446,365,198,0.5424657534246575,0.0,
1954452,365,186,0.5095890410958904,0.0,
1956094,365,131,0.3589041095890411,0.0,
1956274,365,11,0.030136986301369864,0.0,
1956553,365,190,0.5205479452054794,0.0,
1961671,365,365,1.0,0.0,
1961950,365,359,0.9835616438356164,0.0,
1970725,365,0,0.0,0.0,
1974131,365,78,0.2136986301369863,0.0,
1976382,365,0,0.0,0.0,
1978743,365,25,0.0684931506849315,0.0,
1980283,365,28,0.07671232876712329,0.0,
1980395,365,23,0.06301369863013699,0.0,
1983713,365,5,0.0136986301369863,0.0,
1984692,365,88,0.2410958904109589,0.0,
1984962,365,0,0.0,0.0,
2004931,365,97,0.26575342465753427,0.0,
2011193,365,211,0.5780821917808219,0.0,
2016613,365,25,0.0684931506849315,0.0,
2020505,365,209,0.5726027397260274,0.0,
2026794,365,280,0.7671232876712328,0.0,
2027236,365,2,0.005479452054794521,0.0,
2032805,365,25,0.0684931506849315,0.0,
2033191,365,19,0.052054794520547946,0.0,
2037250,365,0,0.0,0.0,
2039149,365,241,0.6602739726027397,0.0,
2051658,365,103,0.2821917808219178,0.0,
2056276,365,0,0.0,0.0,
2060441,365,162,0.4438356164383562,0.0,
2061463,365,241,0.6602739726027397,0.0,
2068301,365,267,0.7315068493150685,0.0,
2069917,365,8,0.021917808219178082,0.0,
2071305,365,153,0.4191780821917808,0.0,
2075094,365,0,0.0,0.0,
2103939,365,284,0.7780821917808219,0.0,
2110357,365,13,0.03561643835616438,0.0,
2112625,365,73,0.2,0.0,
2130652,365,63,0.1726027397260274,0.0,
2134911,365,0,0.0,0.0,
2149219,365,77,0.21095890410958903,0.0,
2150760,365,0,0.0,0.0,
2154617,365,25,0.0684931506849315,0.0,
2158992,365,1,0.0027397260273972603,0.0,
2186330,365,1,0.0027397260273972603,0.0,
2187563,365,0,0.0,0.0,
2187906,365,283,0.7753424657534247,0.0,
2191169,365,41,0.11232876712328767,0.0,
2191633,365,1,0.0027397260273972603,0.0,
2194715,365,55,0.1506849315068493,0.0,
2197168,365,101,0.27671232876712326,0.0,
2197982,365,55,0.1506849315068493,0.0,
2203983,365,362,0.9917808219178083,0.0,
2208757,365,355,0.9726027397260274,0.0,
2211594,365,0,0.0,0.0,
2215336,365,4,0.010958904109589041,0.0,
2217257,365,317,0.8684931506849315,0.0,
2238105,365,159,0.43561643835616437,0.0,
2249292,365,195,0.5342465753424658,0.0,
2256124,365,197,0.5397260273972603,0.0,
2260626,365,0,0.0,0.0,
2263643,365,45,0.1232876712328767,0.0,
2267088,365,82,0.22465753424657534,0.0,
2268329,365,93,0.2547945205479452,0.0,
2274086,365,0,0.0,0.0,
2277640,365,365,1.0,0.0,
2284536,365,17,0.04657534246575343,0.0,
2297917,365,15,0.0410958904109589,0.0,
2298775,365,0,0.0,0.0,
2303981,365,210,0.5753424657534246,0.0,
2309250,365,22,0.06027397260273973,0.0,
2332949,365,18,0.049315068493150684,0.0,
2339333,365,234,0.6410958904109589,0.0,
2350464,365,365,1.0,0.0,
2352218,365,0,0.0,0.0,
2357110,365,0,0.0,0.0,
2367298,365,0,0.0,0.0,
2373176,365,29,0.07945205479452055,0.0,
2385623,365,276,0.7561643835616438,0.0,
2386589,365,243,0.6657534246575343,0.0,
2387265,365,276,0.7561643835616438,0.0,
2387605,365,194,0.5315068493150685,0.0,
2391699,365,51,0.13972602739726028,0.0,
2392869,365,243,0.6657534246575343,0.0,
2396734,365,0,0.0,0.0,
2399736,365,87,0.23835616438356164,0.0,
2406966,365,52,0.14246575342465753,0.0,
2412633,365,273,0.7479452054794521,0.0,
2413338,365,115,0.3150684931506849,0.0,
2418658,365,10,0.0273972602739726,0.0,
2419879,365,34,0.09315068493150686,0.0,
2420536,365,21,0.057534246575342465,0.0,
2426152,365,365,1.0,0.0,
2441908,365,76,0.20821917808219179,0.0,
2459519,365,20,0.0547945205479452,0.0,
2467550,365,317,0.8684931506849315,0.0,
2471659,365,15,0.0410958904109589,0.0,
2471731,365,0,0.0,0.0,
2472850,365,0,0.0,0.0,
2474569,365,0,0.0,0.0,
2481189,365,33,0.09041095890410959,0.0,
2481869,365,42,0.11506849315068493,0.0,
2484067,365,0,0.0,0.0,
2486612,365,106,0.29041095890410956,0.0,
2487892,365,22,0.06027397260273973,0.0,
2488228,365,322,0.8821917808219178,0.0,
2489283,365,198,0.5424657534246575,0.0,
2489339,365,365,1.0,0.0,
2492143,365,0,0.0,0.0,
2493658,365,41,0.11232876712328767,0.0,
2494157,365,110,0.3013698630136986,0.0,
2500188,365,0,0.0,0.0,
2508065,365,62,0.16986301369863013,0.0,
2515795,365,0,0.0,0.0,
2516391,365,14,0.038356164383561646,0.0,
2520890,365,187,0.5123287671232877,0.0,
2522091,365,3,0.00821917808219178,0.0,
2525172,365,24,0.06575342465753424,0.0,
2526129,365,280,0.7671232876712328,0.0,
2526405,365,205,0.5616438356164384,0.0,
2532879,365,4,0.010958904109589041,0.0,
2536507,365,30,0.0821917808219178,0.0,
2539881,365,363,0.9945205479452055,0.0,
2556794,365,246,0.673972602739726,0.0,
2557712,365,146,0.4,0.0,
2577625,365,65,0.1780821917808219,0.0,
2584354,365,62,0.16986301369863013,0.0,
2586350,365,3,0.00821917808219178,0.0,
2586642,365,0,0.0,0.0,
2593176,365,13,0.03561643835616438,0.0,
2593263,365,7,0.019178082191780823,0.0,
2605975,365,20,0.0547945205479452,0.0,
2610187,365,0,0.0,0.0,
2612025,365,5,0.0136986301369863,0.0,
2612399,365,73,0.2,0.0,
2614387,365,27,0.07397260273972603,0.0,
2620429,365,136,0.3726027397260274,0.0,
2621746,365,42,0.11506849315068493,0.0,
2628010,365,335,0.9178082191780822,0.0,
2630912,365,98,0.2684931506849315,0.0,
2638086,365,56,0.15342465753424658,0.0,
2642359,365,6,0.01643835616438356,0.0,
2650482,365,0,0.0,0.0,
2652941,365,5,0.0136986301369863,0.0,
2660384,365,281,0.7698630136986301,0.0,
2670365,365,203,0.5561643835616439,0.0,
2686374,365,11,0.030136986301369864,0.0,
2686624,365,318,0.8712328767123287,0.0,
2686659,365,16,0.043835616438356165,0.0,
2687172,365,10,0.0273972602739726,0.0,
2688555,365,19,0.052054794520547946,0.0,
2691273,365,186,0.5095890410958904,0.0,
2692126,365,272,0.7452054794520548,0.0,
2693137,365,0,0.0,0.0,
2693700,365,7,0.019178082191780823,0.0,
2695493,365,117,0.32054794520547947,0.0,
2710274,365,280,0.7671232876712328,0.0,
2715623,365,55,0.1506849315068493,0.0,
2720963,365,0,0.0,0.0,
2721575,365,25,0.0684931506849315,0.0,
2723368,365,27,0.07397260273972603,0.0,
2727808,365,19,0.052054794520547946,0.0,
2727938,365,286,0.7835616438356164,0.0,
2727984,365,149,0.40821917808219177,0.0,
2729077,365,63,0.1726027397260274,0.0,
2731253,365,9,0.024657534246575342,0.0,
2736961,365,43,0.1178082191780822,0.0,
2737012,365,274,0.7506849315068493,0.0,
2737038,365,32,0.08767123287671233,0.0,
2746782,365,262,0.7178082191780822,0.0,
2749725,365,90,0.2465753424657534,0.0,
2755730,365,30,0.0821917808219178,0.0,
2760901,365,0,0.0,0.0,
2761092,365,4,0.010958904109589041,0.0,
2762241,365,0,0.0,0.0,
2763078,365,0,0.0,0.0,
2764126,365,62,0.16986301369863013,0.0,
2769088,365,59,0.16164383561643836,0.0,
2776890,365,219,0.6,0.0,
2778101,365,0,0.0,0.0,
2800448,365,294,0.8054794520547945,0.0,
2802844,365,37,0.10136986301369863,0.0,
2804399,365,24,0.06575342465753424,0.0,
2808357,365,365,1.0,0.0,
2809796,365,10,0.0273972602739726,0.0,
2818292,365,0,0.0,0.0,
2818420,365,0,0.0,0.0,
2822984,365,90,0.2465753424657534,0.0,
2825852,365,186,0.5095890410958904,0.0,
2830174,365,28,0.07671232876712329,0.0,
2836237,365,153,0.4191780821917808,0.0,
2856806,365,156,0.4273972602739726,0.0,
2858482,365,195,0.5342465753424658,0.0,
2865992,365,89,0.24383561643835616,0.0,
2868006,365,240,0.6575342465753424,0.0,
2875975,365,188,0.5150684931506849,0.0,
2881446,365,139,0.38082191780821917,0.0,
2882641,365,103,0.2821917808219178,0.0,
2897897,365,118,0.3232876712328767,0.0,
2898401,365,244,0.6684931506849315,0.0,
2898954,365,276,0.7561643835616438,0.0,
2905375,365,218,0.5972602739726027,0.0,
2906694,365,0,0.0,0.0,
2909809,365,0,0.0,0.0,
2919571,365,0,0.0,0.0,
2923529,365,23,0.06301369863013699,0.0,
2926776,365,0,0.0,0.0,
2931922,365,0,0.0,0.0,
2933877,365,90,0.2465753424657534,0.0,
2934389,365,198,0.5424657534246575,0.0,
2935486,365,78,0.2136986301369863,0.0,
2943860,365,20,0.0547945205479452,0.0,
2944021,365,29,0.07945205479452055,0.0,
2950213,365,277,0.7589041095890411,0.0,
2955782,365,43,0.1178082191780822,0.0,
2958318,365,363,0.9945205479452055,0.0,
2966415,365,3,0.00821917808219178,0.0,
2969955,365,118,0.3232876712328767,0.0,
2970666,365,22,0.06027397260273973,0.0,
2976798,365,32,0.08767123287671233,0.0,
2978929,365,281,0.7698630136986301,0.0,
2979387,365,0,0.0,0.0,
2980762,365,276,0.7561643835616438,0.0,
2986056,365,1,0.0027397260273972603,0.0,
2989758,365,290,0.7945205479452054,0.0,
2994309,365,21,0.057534246575342465,0.0,
2995996,365,72,0.19726027397260273,0.0,
3004007,365,36,0.09863013698630137,0.0,
3005854,365,0,0.0,0.0,
3022564,365,35,0.0958904109589041,0.0,
3024336,365,0,0.0,0.0,
3025456,365,14,0.038356164383561646,0.0,
3031415,365,344,0.9424657534246575,0.0,
3033913,365,298,0.8164383561643835,0.0,
3038772,365,17,0.04657534246575343,0.0,
3039438,365,268,0.7342465753424657,0.0,
3040278,365,118,0.3232876712328767,0.0,
3041619,365,331,0.9068493150684932,0.0,
3050140,365,103,0.2821917808219178,0.0,
3052151,365,5,0.0136986301369863,0.0,
3053237,365,2,0.005479452054794521,0.0,
3061918,365,0,0.0,0.0,
3066740,365,34,0.09315068493150686,0.0,
3076065,365,0,0.0,0.0,
3085726,365,0,0.0,0.0,
3096191,365,0,0.0,0.0,
3115801,365,103,0.2821917808219178,0.0,
3120652,365,276,0.7561643835616438,0.0,
3121829,365,125,0.3424657534246575,0.0,
3123041,365,9,0.024657534246575342,0.0,
3123632,365,34,0.09315068493150686,0.0,
3124383,365,36,0.09863013698630137,0.0,
3124961,365,365,1.0,0.0,
3126153,365,0,0.0,0.0,
3139847,365,316,0.8657534246575342,0.0,
3139972,365,12,0.03287671232876712,0.0,
3143175,365,71,0.19452054794520549,0.0,
3143227,365,17,0.04657534246575343,0.0,
3144311,365,58,0.1589041095890411,0.0,
3144597,365,198,0.5424657534246575,0.0,
3146212,365,275,0.7534246575342466,0.0,
3147706,365,3,0.00821917808219178,0.0,
3155785,365,240,0.6575342465753424,0.0,
3157738,365,64,0.17534246575342466,0.0,
3158210,365,1,0.0027397260273972603,0.0,
3158243,365,144,0.39452054794520547,0.0,
3168651,365,0,0.0,0.0,
3177005,365,54,0.14794520547945206,0.0,
3186785,365,220,0.6027397260273972,0.0,
3193738,365,88,0.2410958904109589,0.0,
3200646,365,258,0.7068493150684931,0.0,
3206305,365,118,0.3232876712328767,0.0,
3208330,365,34,0.09315068493150686,0.0,
3208667,365,189,0.5178082191780822,0.0,
3209633,365,7,0.019178082191780823,0.0,
3209964,365,0,0.0,0.0,
3215404,365,365,1.0,0.0,
3226793,365,0,0.0,0.0,
3231850,365,37,0.10136986301369863,0.0,
3237501,365,0,0.0,0.0,
3238295,365,216,0.5917808219178082,0.0,
3242247,365,6,0.01643835616438356,0.0,
3242605,365,333,0.9123287671232877,0.0,
3245876,365,1,0.0027397260273972603,0.0,
3246706,365,109,0.29863013698630136,0.0,
3250577,365,0,0.0,0.0,
3251016,365,28,0.07671232876712329,0.0,
3251069,365,0,0.0,0.0,
3254956,365,0,0.0,0.0,
3258213,365,333,0.9123287671232877,0.0,
3258386,365,0,0.0,0.0,
3258585,365,210,0.5753424657534246,0.0,
3263071,365,0,0.0,0.0,
3263722,365,187,0.5123287671232877,0.0,
3265292,365,186,0.5095890410958904,0.0,
3269390,365,44,0.12054794520547946,0.0,
3270492,365,20,0.0547945205479452,0.0,
3272374,365,0,0.0,0.0,
3273240,365,127,0.34794520547945207,0.0,
3279728,365,34,0.09315068493150686,0.0,
3281072,365,63,0.1726027397260274,0.0,
3282000,365,0,0.0,0.0,
3282760,365,0,0.0,0.0,
3291295,365,277,0.7589041095890411,0.0,
3291777,365,0,0.0,0.0,
3293438,365,234,0.6410958904109589,0.0,
3294243,365,107,0.29315068493150687,0.0,
3294804,365,12,0.03287671232876712,0.0,
3303376,365,93,0.2547945205479452,0.0,
3303857,365,0,0.0,0.0,
3303978,365,215,0.589041095890411,0.0,
3308825,365,6,0.01643835616438356,0.0,
3308979,365,145,0.3972602739726027,0.0,
3312406,365,24,0.06575342465753424,0.0,
3316219,365,205,0.5616438356164384,0.0,
3317940,365,60,0.1643835616438356,0.0,
3319386,365,0,0.0,0.0,
3329962,365,0,0.0,0.0,
3333971,365,28,0.07671232876712329,0.0,
3334052,365,12,0.03287671232876712,0.0,
3344977,365,199,0.5452054794520548,0.0,
3345341,365,365,1.0,0.0,
3352685,365,304,0.8328767123287671,0.0,
3354614,365,0,0.0,0.0,
3354761,365,186,0.5095890410958904,0.0,
3372535,365,75,0.2054794520547945,0.0,
3379116,365,68,0.1863013698630137,0.0,
3380159,365,217,0.5945205479452055,0.0,
3382533,365,16,0.043835616438356165,0.0,
3383329,365,78,0.2136986301369863,0.0,
3385421,365,1,0.0027397260273972603,0.0,
3386862,365,365,1.0,0.0,
3394338,365,0,0.0,0.0,
3394837,365,44,0.12054794520547946,0.0,
3394936,365,56,0.15342465753424658,0.0,
3396140,365,9,0.024657534246575342,0.0,
3401644,365,345,0.9452054794520548,0.0,
3402376,365,153,0.4191780821917808,0.0,
3403638,365,1,0.0027397260273972603,0.0,
3403858,365,153,0.4191780821917808,0.0,
3404557,365,1,0.0027397260273972603,0.0,
3404700,365,8,0.021917808219178082,0.0,
3404914,365,153,0.4191780821917808,0.0,
3412630,365,65,0.1780821917808219,0.0,
3413183,365,0,0.0,0.0,
3416217,365,0,0.0,0.0,
3416590,365,0,0.0,0.0,
3418230,365,0,0.0,0.0,
3418349,365,263,0.7205479452054795,0.0,
3422894,365,363,0.9945205479452055,0.0,
3424114,365,1,0.0027397260273972603,0.0,
3424242,365,0,0.0,0.0,
3424991,365,22,0.06027397260273973,0.0,
3426639,365,34,0.09315068493150686,0.0,
3434459,365,44,0.12054794520547946,0.0,
3441402,365,7,0.019178082191780823,0.0,
3446274,365,213,0.5835616438356165,0.0,
3449059,365,15,0.0410958904109589,0.0,
3456599,365,12,0.03287671232876712,0.0,
3463245,365,125,0.3424657534246575,0.0,
3468261,365,274,0.7506849315068493,0.0,
3479241,365,48,0.13150684931506848,0.0,
3479851,365,7,0.019178082191780823,0.0,
3487824,365,304,0.8328767123287671,0.0,
3488436,365,2,0.005479452054794521,0.0,
3489083,365,5,0.0136986301369863,0.0,
3489837,365,0,0.0,0.0,
3490239,365,6,0.01643835616438356,0.0,
3494608,365,222,0.6082191780821918,0.0,
3497530,365,0,0.0,0.0,
3498114,365,16,0.043835616438356165,0.0,
3504521,365,303,0.8301369863013699,0.0,
3505739,365,0,0.0,0.0,
3510818,365,10,0.0273972602739726,0.0,
3518808,365,22,0.06027397260273973,0.0,
3522409,365,27,0.07397260273972603,0.0,
3528627,365,0,0.0,0.0,
3529563,365,0,0.0,0.0,
3531616,365,33,0.09041095890410959,0.0,
3533112,365,365,1.0,0.0,
3533224,365,14,0.038356164383561646,0.0,
3534364,365,335,0.9178082191780822,0.0,
3534444,365,365,1.0,0.0,
3535171,365,0,0.0,0.0,
3543084,365,216,0.5917808219178082,0.0,
3543247,365,40,0.1095890410958904,0.0,
3543791,365,106,0.29041095890410956,0.0,
3544550,365,72,0.19726027397260273,0.0,
3544953,365,0,0.0,0.0,
3544964,365,0,0.0,0.0,
3551668,365,20,0.0547945205479452,0.0,
3552006,365,34,0.09315068493150686,0.0,
3552523,365,344,0.9424657534246575,0.0,
3554558,365,22,0.06027397260273973,0.0,
3561108,365,0,0.0,0.0,
3561237,365,0,0.0,0.0,
3562617,365,179,0.4904109589041096,0.0,
3563218,365,88,0.2410958904109589,0.0,
3570691,365,21,0.057534246575342465,0.0,
3582883,365,7,0.019178082191780823,0.0,
3584790,365,363,0.9945205479452055,0.0,
3585592,365,181,0.4958904109589041,0.0,
3592838,365,47,0.12876712328767123,0.0,
3593582,365,365,1.0,0.0,
3594885,365,2,0.005479452054794521,0.0,
3594959,365,13,0.03561643835616438,0.0,
3604904,365,0,0.0,0.0,
3604931,365,67,0.18356164383561643,0.0,
3610724,365,4,0.010958904109589041,0.0,
3613516,365,277,0.7589041095890411,0.0,
3615614,365,13,0.03561643835616438,0.0,
3624990,365,67,0.18356164383561643,0.0,
3626162,365,95,0.2602739726027397,0.0,
3626497,365,363,0.9945205479452055,0.0,
3627658,365,34,0.09315068493150686,0.0,
3630581,365,16,0.043835616438356165,0.0,
3637180,365,3,0.00821917808219178,0.0,
3639023,365,0,0.0,0.0,
3642289,365,37,0.10136986301369863,0.0,
3646393,365,9,0.024657534246575342,0.0,
3652434,365,6,0.01643835616438356,0.0,
3652612,365,0,0.0,0.0,
3653575,365,0,0.0,0.0,
3656508,365,277,0.7589041095890411,0.0,
3657819,365,10,0.0273972602739726,0.0,
3666970,365,5,0.0136986301369863,0.0,
3673011,365,187,0.5123287671232877,0.0,
3673759,365,2,0.005479452054794521,0.0,
3676779,365,74,0.20273972602739726,0.0,
3677729,365,30,0.0821917808219178,0.0,
3678718,365,9,0.024657534246575342,0.0,
3679617,365,0,0.0,0.0,
3686556,365,26,0.07123287671232877,0.0,
3689119,365,0,0.0,0.0,
3689416,365,276,0.7561643835616438,0.0,
3691288,365,77,0.21095890410958903,0.0,
3697351,365,35,0.0958904109589041,0.0,
3703121,365,191,0.5232876712328767,0.0,
3706719,365,0,0.0,0.0,
3720429,365,42,0.11506849315068493,0.0,
3720511,365,0,0.0,0.0,
3720731,365,0,0.0,0.0,
3726391,365,0,0.0,0.0,
3727017,365,216,0.5917808219178082,0.0,
3728802,365,365,1.0,0.0,
3732076,365,1,0.0027397260273972603,0.0,
3732094,365,0,0.0,0.0,
3732103,365,0,0.0,0.0,
3732949,365,186,0.5095890410958904,0.0,
3738724,365,0,0.0,0.0,
3739681,365,90,0.2465753424657534,0.0,
3751503,365,0,0.0,0.0,
3753645,365,154,0.42191780821917807,0.0,
3757858,365,5,0.0136986301369863,0.0,
3759039,365,365,1.0,0.0,
3766055,365,0,0.0,0.0,
3766285,365,365,1.0,0.0,
3766866,365,277,0.7589041095890411,0.0,
3768626,365,2,0.005479452054794521,0.0,
3768742,365,0,0.0,0.0,
3768745,365,4,0.010958904109589041,0.0,
3769336,365,200,0.547945205479452,0.0,
3770248,365,0,0.0,0.0,
3772674,365,18,0.049315068493150684,0.0,
3773417,365,276,0.7561643835616438,0.0,
3773568,365,0,0.0,0.0,
3773700,365,365,1.0,0.0,
3773784,365,187,0.5123287671232877,0.0,
3774113,365,0,0.0,0.0,
3783162,365,365,1.0,0.0,
3791920,365,17,0.04657534246575343,0.0,
3793047,365,363,0.9945205479452055,0.0,
3793185,365,0,0.0,0.0,
3793406,365,365,1.0,0.0,
3793790,365,17,0.04657534246575343,0.0,
3803212,365,0,0.0,0.0,
3803947,365,99,0.27123287671232876,0.0,
3811828,365,8,0.021917808219178082,0.0,
3811872,365,14,0.038356164383561646,0.0,
3811930,365,7,0.019178082191780823,0.0,
3811955,365,12,0.03287671232876712,0.0,
3812725,365,365,1.0,0.0,
3817141,365,61,0.16712328767123288,0.0,
3818746,365,45,0.1232876712328767,0.0,
3819831,365,364,0.9972602739726028,0.0,
3820186,365,87,0.23835616438356164,0.0,
3821663,365,5,0.0136986301369863,0.0,
3821822,365,5,0.0136986301369863,0.0,
3835995,365,12,0.03287671232876712,0.0,
3843706,365,56,0.15342465753424658,0.0,
3844087,365,7,0.019178082191780823,0.0,
3849918,365,215,0.589041095890411,0.0,
3852117,365,53,0.14520547945205478,0.0,
3858725,365,186,0.5095890410958904,0.0,
3859882,365,263,0.7205479452054795,0.0,
3861673,365,54,0.14794520547945206,0.0,
3868138,365,227,0.6219178082191781,0.0,
3868844,365,12,0.03287671232876712,0.0,
3870253,365,187,0.5123287671232877,0.0,
3870937,365,29,0.07945205479452055,0.0,
3876097,365,8,0.021917808219178082,0.0,
3882930,365,52,0.14246575342465753,0.0,
3883041,365,0,0.0,0.0,
3883137,365,123,0.336986301369863,0.0,
3883392,365,3,0.00821917808219178,0.0,
3884805,365,10,0.0273972602739726,0.0,
3884851,365,0,0.0,0.0,
3888924,365,1,0.0027397260273972603,0.0,
3888986,365,0,0.0,0.0,
3889050,365,1,0.0027397260273972603,0.0,
3889280,365,0,0.0,0.0,
3889299,365,0,0.0,0.0,
3889330,365,1,0.0027397260273972603,0.0,
3890786,365,57,0.15616438356164383,0.0,
3890990,365,190,0.5205479452054794,0.0,
3891695,365,208,0.5698630136986301,0.0,
3898413,365,15,0.0410958904109589,0.0,
3898692,365,156,0.4273972602739726,0.0,
3899160,365,292,0.8,0.0,
3904056,365,0,0.0,0.0,
3906076,365,25,0.0684931506849315,0.0,
3908378,365,261,0.7150684931506849,0.0,
3915826,365,241,0.6602739726027397,0.0,
3916050,365,0,0.0,0.0,
3921664,365,278,0.7616438356164383,0.0,
3922845,365,118,0.3232876712328767,0.0,
3922853,365,123,0.336986301369863,0.0,
3925572,365,0,0.0,0.0,
3925573,365,363,0.9945205479452055,0.0,
3926008,365,22,0.06027397260273973,0.0,
3930270,365,10,0.0273972602739726,0.0,
3930681,365,365,1.0,0.0,
3931346,365,0,0.0,0.0,
3931571,365,202,0.5534246575342465,0.0,
3932674,365,327,0.8958904109589041,0.0,
3939683,365,1,0.0027397260273972603,0.0,
3940265,365,11,0.030136986301369864,0.0,
3946160,365,202,0.5534246575342465,0.0,
3946631,365,341,0.9342465753424658,0.0,
3946674,365,4,0.010958904109589041,0.0,
3951768,365,304,0.8328767123287671,0.0,
3953365,365,276,0.7561643835616438,0.0,
3953611,365,205,0.5616438356164384,0.0,
3959442,365,14,0.038356164383561646,0.0,
3959460,365,207,0.5671232876712329,0.0,
3961077,365,186,0.5095890410958904,0.0,
3963320,365,0,0.0,0.0,
3968416,365,314,0.8602739726027397,0.0,
3970736,365,15,0.0410958904109589,0.0,
3971137,365,1,0.0027397260273972603,0.0,
3971346,365,3,0.00821917808219178,0.0,
3971934,365,0,0.0,0.0,
3975434,365,276,0.7561643835616438,0.0,
3977450,365,283,0.7753424657534247,0.0,
3977605,365,57,0.15616438356164383,0.0,
3979496,365,0,0.0,0.0,
3986788,365,289,0.7917808219178082,0.0,
3986793,365,308,0.8438356164383561,0.0,
3987838,365,288,0.7890410958904109,0.0,
3992155,365,205,0.5616438356164384,0.0,
3993960,365,365,1.0,0.0,
3994397,365,16,0.043835616438356165,0.0,
3994601,365,18,0.049315068493150684,0.0,
3994634,365,21,0.057534246575342465,0.0,
3995007,365,328,0.8986301369863013,0.0,
3998922,365,204,0.5589041095890411,0.0,
3998984,365,310,0.8493150684931506,0.0,
4008373,365,273,0.7479452054794521,0.0,
4009295,365,186,0.5095890410958904,0.0,
4009508,365,199,0.5452054794520548,0.0,
4016079,365,219,0.6,0.0,
4016650,365,277,0.7589041095890411,0.0,
4017140,365,318,0.8712328767123287,0.0,
4022127,365,0,0.0,0.0,
4023177,365,0,0.0,0.0,
4024844,365,14,0.038356164383561646,0.0,
4025593,365,223,0.6109589041095891,0.0,
4025954,365,13,0.03561643835616438,0.0,
4026757,365,0,0.0,0.0,
4030600,365,365,1.0,0.0,
4030640,365,43,0.1178082191780822,0.0,
4031625,365,270,0.7397260273972602,0.0,
4038347,365,0,0.0,0.0,
4041868,365,3,0.00821917808219178,0.0,
4046863,365,15,0.0410958904109589,0.0,
4047058,365,26,0.07123287671232877,0.0,
4047399,365,272,0.7452054794520548,0.0,
4053092,365,23,0.06301369863013699,0.0,
4053644,365,365,1.0,0.0,
4053972,365,197,0.5397260273972603,0.0,
4061051,365,2,0.005479452054794521,0.0,
4061207,365,307,0.8410958904109589,0.0,
4066344,365,0,0.0,0.0,
4069543,365,27,0.07397260273972603,0.0,
4075152,365,359,0.9835616438356164,0.0,
4077920,365,314,0.8602739726027397,0.0,
4082250,365,41,0.11232876712328767,0.0,
4082986,365,110,0.3013698630136986,0.0,
4084398,365,139,0.38082191780821917,0.0,
4084712,365,335,0.9178082191780822,0.0,
4085439,365,20,0.0547945205479452,0.0,
4092037,365,173,0.473972602739726,0.0,
4100009,365,316,0.8657534246575342,0.0,
4104442,365,0,0.0,0.0,
4105081,365,0,0.0,0.0,
4105164,365,25,0.0684931506849315,0.0,
4106041,365,0,0.0,0.0,
4110396,365,0,0.0,0.0,
4111137,365,23,0.06301369863013699,0.0,
4111954,365,350,0.958904109589041,0.0,
4116645,365,31,0.08493150684931507,0.0,
4118282,365,285,0.7808219178082192,0.0,
4121334,365,245,0.6712328767123288,0.0,
4122325,365,365,1.0,0.0,
4125779,365,0,0.0,0.0,
4126284,365,15,0.0410958904109589,0.0,
4127196,365,57,0.15616438356164383,0.0,
4129218,365,0,0.0,0.0,
4130102,365,258,0.7068493150684931,0.0,
4130112,365,195,0.5342465753424658,0.0,
4135710,365,225,0.6164383561643836,0.0,
4137114,365,77,0.21095890410958903,0.0,
4138423,365,13,0.03561643835616438,0.0,
4144767,365,77,0.21095890410958903,0.0,
4151093,365,6,0.01643835616438356,0.0,
4151430,365,16,0.043835616438356165,0.0,
4157572,365,0,0.0,0.0,
4163204,365,0,0.0,0.0,
4163306,365,7,0.019178082191780823,0.0,
4163851,365,7,0.019178082191780823,0.0,
4165387,365,286,0.7835616438356164,0.0,
4170863,365,35,0.0958904109589041,0.0,
4172364,365,0,0.0,0.0,
4180905,365,363,0.9945205479452055,0.0,
4181226,365,0,0.0,0.0,
4182732,365,0,0.0,0.0,
4184211,365,3,0.00821917808219178,0.0,
4187961,365,3,0.00821917808219178,0.0,
4190689,365,138,0.3780821917808219,0.0,
4190771,365,16,0.043835616438356165,0.0,
4199019,365,7,0.019178082191780823,0.0,
4205026,365,6,0.01643835616438356,0.0,
4208555,365,365,1.0,0.0,
4210585,365,3,0.00821917808219178,0.0,
4211081,365,65,0.1780821917808219,0.0,
4211629,365,249,0.6821917808219178,0.0,
4211836,365,365,1.0,0.0,
4218733,365,14,0.038356164383561646,0.0,
4223597,365,17,0.04657534246575343,0.0,
4225225,365,0,0.0,0.0,
4226386,365,56,0.15342465753424658,0.0,
4231670,365,5,0.0136986301369863,0.0,
4235559,365,338,0.9260273972602739,0.0,
4236723,365,3,0.00821917808219178,0.0,
4238106,365,341,0.9342465753424658,0.0,
4240933,365,8,0.021917808219178082,0.0,
4241862,365,363,0.9945205479452055,0.0,
4242626,365,49,0.13424657534246576,0.0,
4243163,365,77,0.21095890410958903,0.0,
4250367,365,0,0.0,0.0,
4250639,365,269,0.736986301369863,0.0,
4250749,365,16,0.043835616438356165,0.0,
4250938,365,4,0.010958904109589041,0.0,
4251235,365,62,0.16986301369863013,0.0,
4251426,365,46,0.12602739726027398,0.0,
4252591,365,0,0.0,0.0,
4256558,365,164,0.44931506849315067,0.0,
4256705,365,13,0.03561643835616438,0.0,
4257097,365,0,0.0,0.0,
4258515,365,276,0.7561643835616438,0.0,
4258762,365,0,0.0,0.0,
4264012,365,1,0.0027397260273972603,0.0,
4264043,365,75,0.2054794520547945,0.0,
4264056,365,96,0.26301369863013696,0.0,
4270642,365,0,0.0,0.0,
4271174,365,0,0.0,0.0,
4271221,365,5,0.0136986301369863,0.0,
4277026,365,276,0.7561643835616438,0.0,
4278896,365,8,0.021917808219178082,0.0,
4279578,365,216,0.5917808219178082,0.0,
4279876,365,254,0.6958904109589041,0.0,
4287974,365,187,0.5123287671232877,0.0,
4288801,365,28,0.07671232876712329,0.0,
4297068,365,365,1.0,0.0,
4310055,365,186,0.5095890410958904,0.0,
4311078,365,36,0.09863013698630137,0.0,
4311244,365,18,0.049315068493150684,0.0,
4316910,365,0,0.0,0.0,
4317390,365,0,0.0,0.0,
4318031,365,292,0.8,0.0,
4318709,365,90,0.2465753424657534,0.0,
4318814,365,0,0.0,0.0,
4322622,365,292,0.8,0.0,
4324317,365,0,0.0,0.0,
4324917,365,11,0.030136986301369864,0.0,
4334804,365,54,0.14794520547945206,0.0,
4340410,365,63,0.1726027397260274,0.0,
4340838,365,8,0.021917808219178082,0.0,
4349344,365,41,0.11232876712328767,0.0,
4357979,365,53,0.14520547945205478,0.0,
4360485,365,123,0.336986301369863,0.0,
4360604,365,123,0.336986301369863,0.0,
4363919,365,3,0.00821917808219178,0.0,
4364285,365,199,0.5452054794520548,0.0,
4370312,365,311,0.852054794520548,0.0,
4374326,365,13,0.03561643835616438,0.0,
4378803,365,92,0.25205479452054796,0.0,
4379551,365,283,0.7753424657534247,0.0,
4384000,365,0,0.0,0.0,
4384095,365,0,0.0,0.0,
4384343,365,28,0.07671232876712329,0.0,
4384800,365,33,0.09041095890410959,0.0,
4387985,365,130,0.3561643835616438,0.0,
4388148,365,281,0.7698630136986301,0.0,
4395349,365,0,0.0,0.0,
4395502,365,0,0.0,0.0,
4395578,365,34,0.09315068493150686,0.0,
4395654,365,313,0.8575342465753425,0.0,
4396961,365,0,0.0,0.0,
4401544,365,327,0.8958904109589041,0.0,
4402880,365,36,0.09863013698630137,0.0,
4403171,365,0,0.0,0.0,
4404126,365,340,0.9315068493150684,0.0,
4410493,365,7,0.019178082191780823,0.0,
4410544,365,214,0.5863013698630137,0.0,
4410789,365,1,0.0027397260273972603,0.0,
4417792,365,168,0.4602739726027397,0.0,
4418480,365,0,0.0,0.0,
4423130,365,7,0.019178082191780823,0.0,
4429898,365,57,0.15616438356164383,0.0,
4430233,365,25,0.0684931506849315,0.0,
4430381,365,30,0.0821917808219178,0.0,
4432489,365,6,0.01643835616438356,0.0,
4438160,365,354,0.9698630136986301,0.0,
4438188,365,247,0.6767123287671233,0.0,
4438871,365,0,0.0,0.0,
4439293,365,45,0.1232876712328767,0.0,
4449303,365,280,0.7671232876712328,0.0,
4454121,365,365,1.0,0.0,
4454264,365,0,0.0,0.0,
4454295,365,136,0.3726027397260274,0.0,
4461706,365,59,0.16164383561643836,0.0,
4464542,365,271,0.7424657534246575,0.0,
4464795,365,0,0.0,0.0,
4464824,365,3,0.00821917808219178,0.0,
4468524,365,12,0.03287671232876712,0.0,
4477426,365,0,0.0,0.0,
4479426,365,0,0.0,0.0,
4481979,365,44,0.12054794520547946,0.0,
4484426,365,0,0.0,0.0,
4485424,365,181,0.4958904109589041,0.0,
4494947,365,21,0.057534246575342465,0.0,
4494948,365,9,0.024657534246575342,0.0,
4507137,365,365,1.0,0.0,
4516960,365,92,0.25205479452054796,0.0,
4518037,365,77,0.21095890410958903,0.0,
4518474,365,7,0.019178082191780823,0.0,
4520099,365,60,0.1643835616438356,0.0,
4520179,365,2,0.005479452054794521,0.0,
4521755,365,4,0.010958904109589041,0.0,
4524575,365,280,0.7671232876712328,0.0,
4526737,365,179,0.4904109589041096,0.0,
4526943,365,0,0.0,0.0,
4531944,365,23,0.06301369863013699,0.0,
4532538,365,0,0.0,0.0,
4539948,365,351,0.9616438356164384,0.0,
4546924,365,134,0.36712328767123287,0.0,
4550099,365,365,1.0,0.0,
4550199,365,167,0.4575342465753425,0.0,
4555997,365,206,0.5643835616438356,0.0,
4557204,365,365,1.0,0.0,
4559222,365,0,0.0,0.0,
4559985,365,4,0.010958904109589041,0.0,
4564730,365,216,0.5917808219178082,0.0,
4565370,365,27,0.07397260273972603,0.0,
4566393,365,0,0.0,0.0,
4566609,365,339,0.9287671232876712,0.0,
4567243,365,242,0.663013698630137,0.0,
4569115,365,214,0.5863013698630137,0.0,
4574039,365,13,0.03561643835616438,0.0,
4574700,365,158,0.4328767123287671,0.0,
4577542,365,31,0.08493150684931507,0.0,
4581124,365,196,0.536986301369863,0.0,
4581256,365,194,0.5315068493150685,0.0,
4583161,365,5,0.0136986301369863,0.0,
4589654,365,1,0.0027397260273972603,0.0,
4593740,365,270,0.7397260273972602,0.0,
4596493,365,321,0.8794520547945206,0.0,
4597013,365,0,0.0,0.0,
4597584,365,0,0.0,0.0,
4598160,365,196,0.536986301369863,0.0,
4599119,365,6,0.01643835616438356,0.0,
4607830,365,293,0.8027397260273973,0.0,
4608208,365,1,0.0027397260273972603,0.0,
4608592,365,22,0.06027397260273973,0.0,
4614955,365,64,0.17534246575342466,0.0,
4616634,365,191,0.5232876712328767,0.0,
4616695,365,330,0.9041095890410958,0.0,
4623541,365,209,0.5726027397260274,0.0,
4629020,365,76,0.20821917808219179,0.0,
4632923,365,93,0.2547945205479452,0.0,
4637670,365,28,0.07671232876712329,0.0,
4637801,365,0,0.0,0.0,
4638785,365,7,0.019178082191780823,0.0,
4639040,365,1,0.0027397260273972603,0.0,
4639465,365,8,0.021917808219178082,0.0,
4642956,365,0,0.0,0.0,
4645208,365,5,0.0136986301369863,0.0,
4645405,365,6,0.01643835616438356,0.0,
4651974,365,288,0.7890410958904109,0.0,
4652918,365,118,0.3232876712328767,0.0,
4653552,365,289,0.7917808219178082,0.0,
4659824,365,1,0.0027397260273972603,0.0,
4660460,365,51,0.13972602739726028,0.0,
4660517,365,20,0.0547945205479452,0.0,
4661374,365,187,0.5123287671232877,0.0,
4661812,365,10,0.0273972602739726,0.0,
4664312,365,0,0.0,0.0,
4668327,365,244,0.6684931506849315,0.0,
4669377,365,0,0.0,0.0,
4672934,365,13,0.03561643835616438,0.0,
4676275,365,0,0.0,0.0,
4677524,365,13,0.03561643835616438,0.0,
4678866,365,0,0.0,0.0,
4679983,365,49,0.13424657534246576,0.0,
4681687,365,15,0.0410958904109589,0.0,
4681885,365,0,0.0,0.0,
4688603,365,365,1.0,0.0,
4693488,365,186,0.5095890410958904,0.0,
4694479,365,7,0.019178082191780823,0.0,
4701141,365,365,1.0,0.0,
4701146,365,0,0.0,0.0,
4701205,365,8,0.021917808219178082,0.0,
4706111,365,0,0.0,0.0,
4707171,365,53,0.14520547945205478,0.0,
4708075,365,0,0.0,0.0,
4710866,365,8,0.021917808219178082,0.0,
4710869,365,13,0.03561643835616438,0.0,
4711069,365,59,0.16164383561643836,0.0,
4716486,365,24,0.06575342465753424,0.0,
4718820,365,0,0.0,0.0,
4718921,365,87,0.23835616438356164,0.0,
4725935,365,11,0.030136986301369864,0.0,
4732995,365,276,0.7561643835616438,0.0,
4735761,365,0,0.0,0.0,
4737727,365,365,1.0,0.0,
4738971,365,54,0.14794520547945206,0.0,
4739190,365,298,0.8164383561643835,0.0,
4752817,365,206,0.5643835616438356,0.0,
4757025,365,215,0.589041095890411,0.0,
4760181,365,276,0.7561643835616438,0.0,
4760472,365,30,0.0821917808219178,0.0,
4760968,365,30,0.0821917808219178,0.0,
4766173,365,337,0.9232876712328767,0.0,
4768038,365,283,0.7753424657534247,0.0,
4772997,365,0,0.0,0.0,
4773614,365,69,0.18904109589041096,0.0,
4776823,365,284,0.7780821917808219,0.0,
4777832,365,213,0.5835616438356165,0.0,
4782745,365,34,0.09315068493150686,0.0,
4783585,365,23,0.06301369863013699,0.0,
4783817,365,276,0.7561643835616438,0.0,
4784639,365,0,0.0,0.0,
4787415,365,1,0.0027397260273972603,0.0,
4803403,365,27,0.07397260273972603,0.0,
4808173,365,3,0.00821917808219178,0.0,
4808896,365,70,0.1917808219178082,0.0,
4809486,365,353,0.9671232876712329,0.0,
4809601,365,0,0.0,0.0,
4811583,365,0,0.0,0.0,
4814811,365,273,0.7479452054794521,0.0,
4814894,365,237,0.6493150684931507,0.0,
4820795,365,276,0.7561643835616438,0.0,
4824435,365,351,0.9616438356164384,0.0,
4824581,365,4,0.010958904109589041,0.0,
4824699,365,0,0.0,0.0,
4825073,365,7,0.019178082191780823,0.0,
4825472,365,8,0.021917808219178082,0.0,
4831200,365,90,0.2465753424657534,0.0,
4832481,365,7,0.019178082191780823,0.0,
4833820,365,34,0.09315068493150686,0.0,
4841586,365,9,0.024657534246575342,0.0,
4848255,365,102,0.27945205479452057,0.0,
4854767,365,1,0.0027397260273972603,0.0,
4856986,365,230,0.6301369863013698,0.0,
4857192,365,230,0.6301369863013698,0.0,
4862719,365,2,0.005479452054794521,0.0,
4863369,365,35,0.0958904109589041,0.0,
4863533,365,11,0.030136986301369864,0.0,
4868135,365,1,0.0027397260273972603,0.0,
4869458,365,53,0.14520547945205478,0.0,
4871348,365,289,0.7917808219178082,0.0,
4872699,365,1,0.0027397260273972603,0.0,
4879013,365,249,0.6821917808219178,0.0,
4887845,365,280,0.7671232876712328,0.0,
4892529,365,162,0.4438356164383562,0.0,
4903296,365,186,0.5095890410958904,0.0,
4906490,365,363,0.9945205479452055,0.0,
4909327,365,0,0.0,0.0,
4910140,365,28,0.07671232876712329,0.0,
4916433,365,0,0.0,0.0,
4922836,365,0,0.0,0.0,
4933447,365,194,0.5315068493150685,0.0,
4936647,365,57,0.15616438356164383,0.0,
4940379,365,91,0.2493150684931507,0.0,
4940491,365,40,0.1095890410958904,0.0,
4941356,365,277,0.7589041095890411,0.0,
4943016,365,0,0.0,0.0,
4947002,365,3,0.00821917808219178,0.0,
4948745,365,24,0.06575342465753424,0.0,
4950847,365,0,0.0,0.0,
4951079,365,0,0.0,0.0,
4951430,365,25,0.0684931506849315,0.0,
4968752,365,274,0.7506849315068493,0.0,
4973204,365,38,0.10410958904109589,0.0,
4988679,365,276,0.7561643835616438,0.0,
4993710,365,0,0.0,0.0,
4995903,365,305,0.8356164383561644,0.0,
4996554,365,0,0.0,0.0,
5002964,365,0,0.0,0.0,
5006092,365,236,0.6465753424657534,0.0,
5014835,365,32,0.08767123287671233,0.0,
5015262,365,32,0.08767123287671233,0.0,
5019444,365,208,0.5698630136986301,0.0,
5020848,365,0,0.0,0.0,
5020861,365,21,0.057534246575342465,0.0,
5021081,365,363,0.9945205479452055,0.0,
5021969,365,2,0.005479452054794521,0.0,
5022572,365,55,0.1506849315068493,0.0,
5029665,365,347,0.9506849315068493,0.0,
5030361,365,239,0.6547945205479452,0.0,
5031285,365,9,0.024657534246575342,0.0,
5031357,365,1,0.0027397260273972603,0.0,
5031383,365,5,0.0136986301369863,0.0,
5036739,365,34,0.09315068493150686,0.0,
5040885,365,346,0.947945205479452,0.0,
5041669,365,362,0.9917808219178083,0.0,
5042014,365,57,0.15616438356164383,0.0,
5047188,365,0,0.0,0.0,
5048597,365,32,0.08767123287671233,0.0,
5051529,365,60,0.1643835616438356,0.0,
5052459,365,208,0.5698630136986301,0.0,
5056580,365,12,0.03287671232876712,0.0,
5057466,365,2,0.005479452054794521,0.0,
5058086,365,11,0.030136986301369864,0.0,
5058302,365,8,0.021917808219178082,0.0,
5059981,365,37,0.10136986301369863,0.0,
5060388,365,162,0.4438356164383562,0.0,
5061411,365,121,0.3315068493150685,0.0,
5061566,365,74,0.20273972602739726,0.0,
5062445,365,2,0.005479452054794521,0.0,
5067177,365,8,0.021917808219178082,0.0,
5069495,365,46,0.12602739726027398,0.0,
5078129,365,276,0.7561643835616438,0.0,
5078244,365,9,0.024657534246575342,0.0,
5078876,365,337,0.9232876712328767,0.0,
5096363,365,7,0.019178082191780823,0.0,
5102135,365,41,0.11232876712328767,0.0,
5104077,365,34,0.09315068493150686,0.0,
5104918,365,190,0.5205479452054794,0.0,
5123904,365,365,1.0,0.0,
5126077,365,0,0.0,0.0,
5126365,365,0,0.0,0.0,
5126446,365,0,0.0,0.0,
5127136,365,217,0.5945205479452055,0.0,
5128160,365,225,0.6164383561643836,0.0,
5143441,365,20,0.0547945205479452,0.0,
5160893,365,9,0.024657534246575342,0.0,
5163047,365,0,0.0,0.0,
5164194,365,48,0.13150684931506848,0.0,
5164581,365,322,0.8821917808219178,0.0,
5174876,365,16,0.043835616438356165,0.0,
5175464,365,11,0.030136986301369864,0.0,
5175631,365,18,0.049315068493150684,0.0,
5183164,365,4,0.010958904109589041,0.0,
5183938,365,78,0.2136986301369863,0.0,
5192122,365,59,0.16164383561643836,0.0,
5194332,365,223,0.6109589041095891,0.0,
5195064,365,302,0.8273972602739726,0.0,
5201816,365,0,0.0,0.0,
5204475,365,52,0.14246575342465753,0.0,
5205984,365,0,0.0,0.0,
5213468,365,221,0.6054794520547945,0.0,
5218550,365,78,0.2136986301369863,0.0,
5219336,365,0,0.0,0.0,
5228066,365,53,0.14520547945205478,0.0,
5229971,365,365,1.0,0.0,
5236979,365,206,0.5643835616438356,0.0,
5240694,365,0,0.0,0.0,
5241195,365,27,0.07397260273972603,0.0,
5241773,365,266,0.7287671232876712,0.0,
5242148,365,14,0.038356164383561646,0.0,
5242712,365,114,0.31232876712328766,0.0,
5249067,365,57,0.15616438356164383,0.0,
5249093,365,39,0.10684931506849316,0.0,
5252515,365,191,0.5232876712328767,0.0,
5252543,365,5,0.0136986301369863,0.0,
5252877,365,7,0.019178082191780823,0.0,
5259194,365,245,0.6712328767123288,0.0,
5261239,365,3,0.00821917808219178,0.0,
5262750,365,114,0.31232876712328766,0.0,
5270223,365,58,0.1589041095890411,0.0,
5270886,365,16,0.043835616438356165,0.0,
5272327,365,208,0.5698630136986301,0.0,
5277900,365,255,0.6986301369863014,0.0,
5278993,365,59,0.16164383561643836,0.0,
5286781,365,279,0.7643835616438356,0.0,
5289293,365,301,0.8246575342465754,0.0,
5297143,365,276,0.7561643835616438,0.0,
5299060,365,19,0.052054794520547946,0.0,
5304739,365,87,0.23835616438356164,0.0,
5306727,365,291,0.7972602739726027,0.0,
5308339,365,365,1.0,0.0,
5308429,365,197,0.5397260273972603,0.0,
5308875,365,45,0.1232876712328767,0.0,
5309974,365,345,0.9452054794520548,0.0,
5310193,365,237,0.6493150684931507,0.0,
5310503,365,281,0.7698630136986301,0.0,
5315169,365,165,0.4520547945205479,0.0,
5319948,365,28,0.07671232876712329,0.0,
5324459,365,32,0.08767123287671233,0.0,
5325214,365,9,0.024657534246575342,0.0,
5325809,365,307,0.8410958904109589,0.0,
5328449,365,33,0.09041095890410959,0.0,
5330475,365,27,0.07397260273972603,0.0,
5336585,365,65,0.1780821917808219,0.0,
5337848,365,195,0.5342465753424658,0.0,
5340242,365,66,0.18082191780821918,0.0,
5352741,365,0,0.0,0.0,
5353512,365,30,0.0821917808219178,0.0,
5362889,365,25,0.0684931506849315,0.0,
5364119,365,62,0.16986301369863013,0.0,
5364244,365,11,0.030136986301369864,0.0,
5364414,365,81,0.2219178082191781,0.0,
5364609,365,355,0.9726027397260274,0.0,
5365612,365,69,0.18904109589041096,0.0,
5372156,365,345,0.9452054794520548,0.0,
5376433,365,23,0.06301369863013699,0.0,
5383192,365,70,0.1917808219178082,0.0,
5386937,365,15,0.0410958904109589,0.0,
5395530,365,15,0.0410958904109589,0.0,
5397134,365,288,0.7890410958904109,0.0,
5402304,365,179,0.4904109589041096,0.0,
5403847,365,21,0.057534246575342465,0.0,
5405643,365,52,0.14246575342465753,0.0,
5407311,365,137,0.37534246575342467,0.0,
5413564,365,80,0.2191780821917808,0.0,
5415077,365,285,0.7808219178082192,0.0,
5422159,365,15,0.0410958904109589,0.0,
5422881,365,239,0.6547945205479452,0.0,
5423692,365,0,0.0,0.0,
5424448,365,20,0.0547945205479452,0.0,
5433597,365,1,0.0027397260273972603,0.0,
5444457,365,0,0.0,0.0,
5446156,365,11,0.030136986301369864,0.0,
5446176,365,6,0.01643835616438356,0.0,
5446180,365,5,0.0136986301369863,0.0,
5446513,365,4,0.010958904109589041,0.0,
5457260,365,20,0.0547945205479452,0.0,
5458027,365,256,0.7013698630136986,0.0,
5459895,365,0,0.0,0.0,
5463875,365,171,0.4684931506849315,0.0,
5470629,365,131,0.3589041095890411,0.0,
5470943,365,201,0.5506849315068493,0.0,
5471427,365,255,0.6986301369863014,0.0,
5473498,365,211,0.5780821917808219,0.0,
5479566,365,5,0.0136986301369863,0.0,
5482204,365,90,0.2465753424657534,0.0,
5487522,365,276,0.7561643835616438,0.0,
5487653,365,266,0.7287671232876712,0.0,
5487934,365,78,0.2136986301369863,0.0,
5489676,365,365,1.0,0.0,
5495802,365,10,0.0273972602739726,0.0,
5499882,365,92,0.25205479452054796,0.0,
5500398,365,57,0.15616438356164383,0.0,
5500752,365,187,0.5123287671232877,0.0,
5510720,365,336,0.9205479452054794,0.0,
5524530,365,33,0.09041095890410959,0.0,
5524847,365,280,0.7671232876712328,0.0,
5525073,365,90,0.2465753424657534,0.0,
5534463,365,2,0.005479452054794521,0.0,
5537446,365,82,0.22465753424657534,0.0,
5537833,365,0,0.0,0.0,
5538663,365,365,1.0,0.0,
5538874,365,89,0.24383561643835616,0.0,
5548982,365,308,0.8438356164383561,0.0,
5549211,365,70,0.1917808219178082,0.0,
5559063,365,86,0.2356164383561644,0.0,
5559643,365,0,0.0,0.0,
5562674,365,203,0.5561643835616439,0.0,
5563136,365,363,0.9945205479452055,0.0,
5578943,365,222,0.6082191780821918,0.0,
5579427,365,276,0.7561643835616438,0.0,
5580457,365,186,0.5095890410958904,0.0,
5580773,365,338,0.9260273972602739,0.0,
5593399,365,108,0.2958904109589041,0.0,
5593504,365,276,0.7561643835616438,0.0,
5593981,365,300,0.821917808219178,0.0,
5602370,365,47,0.12876712328767123,0.0,
5607404,365,0,0.0,0.0,
5615620,365,146,0.4,0.0,
5618094,365,90,0.2465753424657534,0.0,
5619397,365,0,0.0,0.0,
5620306,365,99,0.27123287671232876,0.0,
5620928,365,0,0.0,0.0,
5625964,365,365,1.0,0.0,
5630783,365,208,0.5698630136986301,0.0,
5632713,365,296,0.810958904109589,0.0,
5633607,365,24,0.06575342465753424,0.0,
5637990,365,282,0.7726027397260274,0.0,
5639238,365,95,0.2602739726027397,0.0,
5640214,365,306,0.8383561643835616,0.0,
5640722,365,7,0.019178082191780823,0.0,
5643240,365,272,0.7452054794520548,0.0,
5648564,365,28,0.07671232876712329,0.0,
5651254,365,0,0.0,0.0,
5652705,365,2,0.005479452054794521,0.0,
5660792,365,19,0.052054794520547946,0.0,
5670781,365,143,0.3917808219178082,0.0,
5671843,365,7,0.019178082191780823,0.0,
5673552,365,100,0.273972602739726,0.0,
5680462,365,38,0.10410958904109589,0.0,
5682316,365,278,0.7616438356164383,0.0,
5683646,365,24,0.06575342465753424,0.0,
5683765,365,4,0.010958904109589041,0.0,
5685646,365,18,0.049315068493150684,0.0,
5685908,365,276,0.7561643835616438,0.0,
5686178,365,365,1.0,0.0,
5686435,365,187,0.5123287671232877,0.0,
5691933,365,51,0.13972602739726028,0.0,
5695344,365,45,0.1232876712328767,0.0,
5695717,365,276,0.7561643835616438,0.0,
5705161,365,324,0.8876712328767123,0.0,
5707514,365,0,0.0,0.0,
5719631,365,0,0.0,0.0,
5728135,365,276,0.7561643835616438,0.0,
5728739,365,5,0.0136986301369863,0.0,
5736082,365,57,0.15616438356164383,0.0,
5738982,365,103,0.2821917808219178,0.0,
5744931,365,0,0.0,0.0,
5749958,365,305,0.8356164383561644,0.0,
5751177,365,0,0.0,0.0,
5759668,365,8,0.021917808219178082,0.0,
5760902,365,140,0.3835616438356164,0.0,
5761290,365,1,0.0027397260273972603,0.0,
5766989,365,7,0.019178082191780823,0.0,
5781547,365,14,0.038356164383561646,0.0,
5784320,365,1,0.0027397260273972603,0.0,
5787922,365,13,0.03561643835616438,0.0,
5792683,365,0,0.0,0.0,
5793477,365,7,0.019178082191780823,0.0,
5804875,365,0,0.0,0.0,
5805162,365,232,0.6356164383561644,0.0,
5805907,365,307,0.8410958904109589,0.0,
5813657,365,271,0.7424657534246575,0.0,
5814207,365,109,0.29863013698630136,0.0,
5825701,365,23,0.06301369863013699,0.0,
5834820,365,0,0.0,0.0,
5838129,365,360,0.9863013698630136,0.0,
5847934,365,17,0.04657534246575343,0.0,
5848330,365,1,0.0027397260273972603,0.0,
5848400,365,64,0.17534246575342466,0.0,
5852034,365,148,0.4054794520547945,0.0,
5859152,365,0,0.0,0.0,
5862552,365,4,0.010958904109589041,0.0,
5863446,365,53,0.14520547945205478,0.0,
5863558,365,53,0.14520547945205478,0.0,
5873892,365,189,0.5178082191780822,0.0,
5874421,365,244,0.6684931506849315,0.0,
5882923,365,27,0.07397260273972603,0.0,
5892185,365,40,0.1095890410958904,0.0,
5893969,365,362,0.9917808219178083,0.0,
5900224,365,299,0.8191780821917808,0.0,
5902452,365,2,0.005479452054794521,0.0,
5905958,365,238,0.6520547945205479,0.0,
5913611,365,272,0.7452054794520548,0.0,
5918259,365,265,0.726027397260274,0.0,
5919096,365,150,0.410958904109589,0.0,
5927083,365,0,0.0,0.0,
5930473,365,103,0.2821917808219178,0.0,
5930806,365,9,0.024657534246575342,0.0,
5931372,365,171,0.4684931506849315,0.0,
5932882,365,277,0.7589041095890411,0.0,
5941598,365,276,0.7561643835616438,0.0,
5946151,365,0,0.0,0.0,
5946675,365,6,0.01643835616438356,0.0,
5948003,365,281,0.7698630136986301,0.0,
5950957,365,0,0.0,0.0,
5956968,365,63,0.1726027397260274,0.0,
5957039,365,90,0.2465753424657534,0.0,
5958194,365,315,0.863013698630137,0.0,
5958674,365,316,0.8657534246575342,0.0,
5959816,365,94,0.25753424657534246,0.0,
5968862,365,122,0.33424657534246577,0.0,
5969069,365,96,0.26301369863013696,0.0,
5969872,365,29,0.07945205479452055,0.0,
5977556,365,3,0.00821917808219178,0.0,
5978216,365,17,0.04657534246575343,0.0,
5978498,365,152,0.41643835616438357,0.0,
5981343,365,29,0.07945205479452055,0.0,
5989894,365,309,0.8465753424657534,0.0,
5991139,365,106,0.29041095890410956,0.0,
5991734,365,191,0.5232876712328767,0.0,
5992032,365,0,0.0,0.0,
5992645,365,31,0.08493150684931507,0.0,
6002165,365,286,0.7835616438356164,0.0,
6004058,365,278,0.7616438356164383,0.0,
6004165,365,116,0.3178082191780822,0.0,
6005222,365,0,0.0,0.0,
6005443,365,62,0.16986301369863013,0.0,
6007267,365,363,0.9945205479452055,0.0,
6018416,365,102,0.27945205479452057,0.0,
6019762,365,133,0.3643835616438356,0.0,
6020744,365,3,0.00821917808219178,0.0,
6022715,365,127,0.34794520547945207,0.0,
6032726,365,25,0.0684931506849315,0.0,
6033201,365,37,0.10136986301369863,0.0,
6043482,365,128,0.3506849315068493,0.0,
6044106,365,281,0.7698630136986301,0.0,
6065566,365,131,0.3589041095890411,0.0,
6066185,365,145,0.3972602739726027,0.0,
6066570,365,329,0.9013698630136986,0.0,
6073437,365,118,0.3232876712328767,0.0,
6074312,365,212,0.5808219178082191,0.0,
6076158,365,281,0.7698630136986301,0.0,
6077760,365,6,0.01643835616438356,0.0,
6078382,365,0,0.0,0.0,
6079131,365,12,0.03287671232876712,0.0,
6079216,365,132,0.36164383561643837,0.0,
6087451,365,13,0.03561643835616438,0.0,
6091789,365,365,1.0,0.0,
6093756,365,0,0.0,0.0,
6101613,365,41,0.11232876712328767,0.0,
6103108,365,0,0.0,0.0,
6105021,365,16,0.043835616438356165,0.0,
6106498,365,118,0.3232876712328767,0.0,
6107518,365,199,0.5452054794520548,0.0,
6107901,365,84,0.23013698630136986,0.0,
6108006,365,212,0.5808219178082191,0.0,
6108796,365,280,0.7671232876712328,0.0,
6115704,365,28,0.07671232876712329,0.0,
6115807,365,205,0.5616438356164384,0.0,
6117473,365,0,0.0,0.0,
6118198,365,6,0.01643835616438356,0.0,
6118291,365,292,0.8,0.0,
6118359,365,318,0.8712328767123287,0.0,
6119785,365,273,0.7479452054794521,0.0,
6119821,365,23,0.06301369863013699,0.0,
6120046,365,0,0.0,0.0,
6127974,365,196,0.536986301369863,0.0,
6130287,365,0,0.0,0.0,
6131411,365,175,0.4794520547945205,0.0,
6133354,365,2,0.005479452054794521,0.0,
6133684,365,0,0.0,0.0,
6134153,365,206,0.5643835616438356,0.0,
6134382,365,35,0.0958904109589041,0.0,
6153532,365,352,0.9643835616438357,0.0,
6154478,365,2,0.005479452054794521,0.0,
6156470,365,3,0.00821917808219178,0.0,
6165353,365,0,0.0,0.0,
6166307,365,284,0.7780821917808219,0.0,
6168769,365,41,0.11232876712328767,0.0,
6168975,365,7,0.019178082191780823,0.0,
6169489,365,138,0.3780821917808219,0.0,
6179956,365,254,0.6958904109589041,0.0,
6182715,365,21,0.057534246575342465,0.0,
6183330,365,12,0.03287671232876712,0.0,
6183721,365,10,0.0273972602739726,0.0,
6185083,365,0,0.0,0.0,
6186081,365,344,0.9424657534246575,0.0,
6187340,365,362,0.9917808219178083,0.0,
6187841,365,0,0.0,0.0,
6202214,365,213,0.5835616438356165,0.0,
6202603,365,0,0.0,0.0,
6209191,365,276,0.7561643835616438,0.0,
6210952,365,365,1.0,0.0,
6211882,365,170,0.4657534246575342,0.0,
6214517,365,195,0.5342465753424658,0.0,
6214998,365,263,0.7205479452054795,0.0,
6215199,365,363,0.9945205479452055,0.0,
6215943,365,13,0.03561643835616438,0.0,
6216116,365,139,0.38082191780821917,0.0,
6218849,365,304,0.8328767123287671,0.0,
6222245,365,37,0.10136986301369863,0.0,
6226666,365,365,1.0,0.0,
6228211,365,143,0.3917808219178082,0.0,
6228474,365,209,0.5726027397260274,0.0,
6228959,365,105,0.2876712328767123,0.0,
6239108,365,0,0.0,0.0,
6239907,365,302,0.8273972602739726,0.0,
6240501,365,354,0.9698630136986301,0.0,
6245498,365,4,0.010958904109589041,0.0,
6246861,365,10,0.0273972602739726,0.0,
6248083,365,5,0.0136986301369863,0.0,
6249164,365,14,0.038356164383561646,0.0,
6249458,365,2,0.005479452054794521,0.0,
6249536,365,0,0.0,0.0,
6250399,365,186,0.5095890410958904,0.0,
6262987,365,244,0.6684931506849315,0.0,
6263270,365,74,0.20273972602739726,0.0,
6272065,365,146,0.4,0.0,
6274351,365,1,0.0027397260273972603,0.0,
6276224,365,62,0.16986301369863013,0.0,
6278181,365,244,0.6684931506849315,0.0,
6278191,365,277,0.7589041095890411,0.0,
6278216,365,143,0.3917808219178082,0.0,
6278361,365,232,0.6356164383561644,0.0,
6278680,365,276,0.7561643835616438,0.0,
6278756,365,161,0.4410958904109589,0.0,
6288141,365,9,0.024657534246575342,0.0,
6289789,365,8,0.021917808219178082,0.0,
6290509,365,18,0.049315068493150684,0.0,
6291829,365,6,0.01643835616438356,0.0,
6292452,365,346,0.947945205479452,0.0,
6304139,365,4,0.010958904109589041,0.0,
6305798,365,149,0.40821917808219177,0.0,
6315269,365,178,0.4876712328767123,0.0,
6315435,365,209,0.5726027397260274,0.0,
6315614,365,149,0.40821917808219177,0.0,
6316917,365,31,0.08493150684931507,0.0,
6316934,365,321,0.8794520547945206,0.0,
6317449,365,286,0.7835616438356164,0.0,
6325283,365,153,0.4191780821917808,0.0,
6325685,365,106,0.29041095890410956,0.0,
6327506,365,226,0.6191780821917808,0.0,
6327662,365,100,0.273972602739726,0.0,
6328150,365,192,0.5260273972602739,0.0,
6328923,365,1,0.0027397260273972603,0.0,
6335327,365,0,0.0,0.0,
6337492,365,216,0.5917808219178082,0.0,
6342327,365,365,1.0,0.0,
6343866,365,2,0.005479452054794521,0.0,
6344566,365,289,0.7917808219178082,0.0,
6348159,365,276,0.7561643835616438,0.0,
6349598,365,270,0.7397260273972602,0.0,
6350606,365,29,0.07945205479452055,0.0,
6358605,365,34,0.09315068493150686,0.0,
6360895,365,297,0.8136986301369863,0.0,
6361863,365,34,0.09315068493150686,0.0,
6362362,365,153,0.4191780821917808,0.0,
6362918,365,53,0.14520547945205478,0.0,
6363765,365,214,0.5863013698630137,0.0,
6363779,365,154,0.42191780821917807,0.0,
6364549,365,51,0.13972602739726028,0.0,
6364753,365,154,0.42191780821917807,0.0,
6370313,365,276,0.7561643835616438,0.0,
6370655,365,276,0.7561643835616438,0.0,
6375415,365,26,0.07123287671232877,0.0,
6376952,365,271,0.7424657534246575,0.0,
6378563,365,103,0.2821917808219178,0.0,
6386210,365,164,0.44931506849315067,0.0,
6387576,365,8,0.021917808219178082,0.0,
6389657,365,164,0.44931506849315067,0.0,
6390214,365,356,0.9753424657534246,0.0,
6392029,365,222,0.6082191780821918,0.0,
6400000,365,210,0.5753424657534246,0.0,
6400379,365,20,0.0547945205479452,0.0,
6401209,365,211,0.5780821917808219,0.0,
6403104,365,0,0.0,0.0,
6403878,365,365,1.0,0.0,
6404427,365,195,0.5342465753424658,0.0,
6411259,365,303,0.8301369863013699,0.0,
6411986,365,2,0.005479452054794521,0.0,
6412566,365,18,0.049315068493150684,0.0,
6412858,365,336,0.9205479452054794,0.0,
6416765,365,13,0.03561643835616438,0.0,
6421243,365,0,0.0,0.0,
6423204,365,311,0.852054794520548,0.0,
6423488,365,28,0.07671232876712329,0.0,
6424859,365,334,0.915068493150685,0.0,
6424982,365,20,0.0547945205479452,0.0,
6425537,365,1,0.0027397260273972603,0.0,
6425652,365,0,0.0,0.0,
6425735,365,176,0.4821917808219178,0.0,
6426462,365,88,0.2410958904109589,0.0,
6436727,365,159,0.43561643835616437,0.0,
6436772,365,365,1.0,0.0,
6436976,365,3,0.00821917808219178,0.0,
6438013,365,14,0.038356164383561646,0.0,
6438099,365,41,0.11232876712328767,0.0,
6438518,365,18,0.049315068493150684,0.0,
6445741,365,276,0.7561643835616438,0.0,
6445769,365,287,0.7863013698630137,0.0,
6448099,365,323,0.8849315068493151,0.0,
6451305,365,47,0.12876712328767123,0.0,
6452801,365,1,0.0027397260273972603,0.0,
6452927,365,317,0.8684931506849315,0.0,
6453383,365,100,0.273972602739726,0.0,
6466129,365,112,0.30684931506849317,0.0,
6466388,365,88,0.2410958904109589,0.0,
6474341,365,269,0.736986301369863,0.0,
6475289,365,115,0.3150684931506849,0.0,
6477225,365,365,1.0,0.0,
6479027,365,194,0.5315068493150685,0.0,
6481695,365,1,0.0027397260273972603,0.0,
6481764,365,150,0.410958904109589,0.0,
6482409,365,0,0.0,0.0,
6482984,365,0,0.0,0.0,
6489648,365,365,1.0,0.0,
6490091,365,285,0.7808219178082192,0.0,
6490453,365,0,0.0,0.0,
6492056,365,163,0.4465753424657534,0.0,
6492880,365,90,0.2465753424657534,0.0,
6494181,365,62,0.16986301369863013,0.0,
6495424,365,10,0.0273972602739726,0.0,
6512378,365,24,0.06575342465753424,0.0,
6512979,365,0,0.0,0.0,
6514446,365,38,0.10410958904109589,0.0,
6515046,365,189,0.5178082191780822,0.0,
6516529,365,166,0.4547945205479452,0.0,
6516775,365,0,0.0,0.0,
6517594,365,166,0.4547945205479452,0.0,
6523393,365,9,0.024657534246575342,0.0,
6528192,365,321,0.8794520547945206,0.0,
6528342,365,234,0.6410958904109589,0.0,
6537432,365,142,0.38904109589041097,0.0,
6543677,365,291,0.7972602739726027,0.0,
6543683,365,0,0.0,0.0,
6545246,365,0,0.0,0.0,
6545602,365,0,0.0,0.0,
6545773,365,168,0.4602739726027397,0.0,
6546748,365,20,0.0547945205479452,0.0,
6554352,365,8,0.021917808219178082,0.0,
6555128,365,3,0.00821917808219178,0.0,
6555393,365,191,0.5232876712328767,0.0,
6557018,365,216,0.5917808219178082,0.0,
6557297,365,220,0.6027397260273972,0.0,
6557767,365,3,0.00821917808219178,0.0,
6558980,365,186,0.5095890410958904,0.0,
6561379,365,287,0.7863013698630137,0.0,
6561753,365,0,0.0,0.0,
6561811,365,0,0.0,0.0,
6562393,365,169,0.46301369863013697,0.0,
6567683,365,3,0.00821917808219178,0.0,
6569950,365,169,0.46301369863013697,0.0,
6572501,365,0,0.0,0.0,
6575380,365,80,0.2191780821917808,0.0,
6575407,365,0,0.0,0.0,
6576006,365,62,0.16986301369863013,0.0,
6576228,365,302,0.8273972602739726,0.0,
6577295,365,26,0.07123287671232877,0.0,
6577729,365,18,0.049315068493150684,0.0,
6578147,365,0,0.0,0.0,
6584984,365,170,0.4657534246575342,0.0,
6586979,365,7,0.019178082191780823,0.0,
6587443,365,301,0.8246575342465754,0.0,
6590264,365,309,0.8465753424657534,0.0,
6591879,365,1,0.0027397260273972603,0.0,
6591894,365,13,0.03561643835616438,0.0,
6592178,365,303,0.8301369863013699,0.0,
6592421,365,28,0.07671232876712329,0.0,
6599960,365,28,0.07671232876712329,0.0,
6603061,365,192,0.5260273972602739,0.0,
6603376,365,27,0.07397260273972603,0.0,
6610942,365,90,0.2465753424657534,0.0,
6612940,365,112,0.30684931506849317,0.0,
6613192,365,246,0.673972602739726,0.0,
6613601,365,221,0.6054794520547945,0.0,
6621924,365,276,0.7561643835616438,0.0,
6623079,365,173,0.473972602739726,0.0,
6626493,365,365,1.0,0.0,
6627129,365,173,0.473972602739726,0.0,
6627184,365,173,0.473972602739726,0.0,
6627403,365,102,0.27945205479452057,0.0,
6629132,365,0,0.0,0.0,
6629278,365,2,0.005479452054794521,0.0,
6629657,365,0,0.0,0.0,
6637899,365,120,0.3287671232876712,0.0,
6644628,365,0,0.0,0.0,
6644760,365,53,0.14520547945205478,0.0,
6644796,365,204,0.5589041095890411,0.0,
6644854,365,175,0.4794520547945205,0.0,
6646843,365,25,0.0684931506849315,0.0,
6646894,365,34,0.09315068493150686,0.0,
6646985,365,30,0.0821917808219178,0.0,
6647442,365,8,0.021917808219178082,0.0,
6652199,365,0,0.0,0.0,
6655233,365,244,0.6684931506849315,0.0,
6657574,365,113,0.3095890410958904,0.0,
6658052,365,336,0.9205479452054794,0.0,
6659301,365,276,0.7561643835616438,0.0,
6660186,365,0,0.0,0.0,
6661617,365,123,0.336986301369863,0.0,
6662639,365,1,0.0027397260273972603,0.0,
6670332,365,34,0.09315068493150686,0.0,
6671901,365,18,0.049315068493150684,0.0,
6674408,365,254,0.6958904109589041,0.0,
6675927,365,200,0.547945205479452,0.0,
6676926,365,269,0.736986301369863,0.0,
6678058,365,8,0.021917808219178082,0.0,
6686072,365,111,0.3041095890410959,0.0,
6687939,365,290,0.7945205479452054,0.0,
6689259,365,60,0.1643835616438356,0.0,
6690388,365,22,0.06027397260273973,0.0,
6691324,365,14,0.038356164383561646,0.0,
6691873,365,149,0.40821917808219177,0.0,
6694276,365,0,0.0,0.0,
6701018,365,69,0.18904109589041096,0.0,
6704004,365,202,0.5534246575342465,0.0,
6704734,365,88,0.2410958904109589,0.0,
6705584,365,0,0.0,0.0,
6706377,365,365,1.0,0.0,
6707735,365,98,0.2684931506849315,0.0,
6714652,365,0,0.0,0.0,
6714817,365,179,0.4904109589041096,0.0,
6716380,365,180,0.4931506849315068,0.0,
6716620,365,180,0.4931506849315068,0.0,
6716874,365,92,0.25205479452054796,0.0,
6717555,365,180,0.4931506849315068,0.0,
6724599,365,302,0.8273972602739726,0.0,
6727729,365,175,0.4794520547945205,0.0,
6727846,365,176,0.4821917808219178,0.0,
6728017,365,180,0.4931506849315068,0.0,
6728419,365,0,0.0,0.0,
6729818,365,181,0.4958904109589041,0.0,
6734621,365,13,0.03561643835616438,0.0,
6740521,365,62,0.16986301369863013,0.0,
6741135,365,181,0.4958904109589041,0.0,
6741526,365,179,0.4904109589041096,0.0,
6744143,365,365,1.0,0.0,
6746826,365,4,0.010958904109589041,0.0,
6747473,365,8,0.021917808219178082,0.0,
6748502,365,0,0.0,0.0,
6750264,365,365,1.0,0.0,
6750430,365,332,0.9095890410958904,0.0,
6752031,365,75,0.2054794520547945,0.0,
6759038,365,0,0.0,0.0,
6759046,365,1,0.0027397260273972603,0.0,
6759104,365,280,0.7671232876712328,0.0,
6761267,365,43,0.1178082191780822,0.0,
6762958,365,282,0.7726027397260274,0.0,
6764646,365,110,0.3013698630136986,0.0,
6765045,365,365,1.0,0.0,
6765354,365,278,0.7616438356164383,0.0,
6766513,365,203,0.5561643835616439,0.0,
6766708,365,0,0.0,0.0,
6768768,365,183,0.5013698630136987,0.0,
6769696,365,27,0.07397260273972603,0.0,
6773472,365,216,0.5917808219178082,0.0,
6776229,365,303,0.8301369863013699,0.0,
6779893,365,0,0.0,0.0,
6780615,365,29,0.07945205479452055,0.0,
6780670,365,0,0.0,0.0,
6781308,365,308,0.8438356164383561,0.0,
6782993,365,0,0.0,0.0,
6783394,365,110,0.3013698630136986,0.0,
6793490,365,4,0.010958904109589041,0.0,
6794702,365,128,0.3506849315068493,0.0,
6795678,365,231,0.6328767123287671,0.0,
6796066,365,184,0.5041095890410959,0.0,
6796246,365,360,0.9863013698630136,0.0,
6796336,365,185,0.5068493150684932,0.0,
6797786,365,0,0.0,0.0,
6801095,365,0,0.0,0.0,
6807884,365,0,0.0,0.0,
6807981,365,253,0.6931506849315069,0.0,
6808970,365,365,1.0,0.0,
6810430,365,74,0.20273972602739726,0.0,
6811792,365,93,0.2547945205479452,0.0,
6812054,365,0,0.0,0.0,
6812415,365,346,0.947945205479452,0.0,
6813483,365,90,0.2465753424657534,0.0,
6813623,365,150,0.410958904109589,0.0,
6821407,365,23,0.06301369863013699,0.0,
6822322,365,365,1.0,0.0,
6823597,365,0,0.0,0.0,
6823781,365,41,0.11232876712328767,0.0,
6823837,365,38,0.10410958904109589,0.0,
6824408,365,365,1.0,0.0,
6831239,365,192,0.5260273972602739,0.0,
6832592,365,186,0.5095890410958904,0.0,
6835466,365,188,0.5150684931506849,0.0,
6836330,365,183,0.5013698630136987,0.0,
6837338,365,327,0.8958904109589041,0.0,
6837751,365,0,0.0,0.0,
6837819,365,276,0.7561643835616438,0.0,
6838418,365,344,0.9424657534246575,0.0,
6847052,365,0,0.0,0.0,
6848455,365,2,0.005479452054794521,0.0,
6850007,365,0,0.0,0.0,
6852243,365,7,0.019178082191780823,0.0,
6852288,365,276,0.7561643835616438,0.0,
6854019,365,189,0.5178082191780822,0.0,
6854552,365,302,0.8273972602739726,0.0,
6855839,365,272,0.7452054794520548,0.0,
6856295,365,1,0.0027397260273972603,0.0,
6864319,365,189,0.5178082191780822,0.0,
6865200,365,0,0.0,0.0,
6865696,365,0,0.0,0.0,
6867053,365,88,0.2410958904109589,0.0,
6868378,365,224,0.6136986301369863,0.0,
6870575,365,21,0.057534246575342465,0.0,
6872650,365,119,0.32602739726027397,0.0,
6881188,365,2,0.005479452054794521,0.0,
6882211,365,241,0.6602739726027397,0.0,
6882518,365,188,0.5150684931506849,0.0,
6883913,365,34,0.09315068493150686,0.0,
6884604,365,63,0.1726027397260274,0.0,
6884820,365,192,0.5260273972602739,0.0,
6886633,365,4,0.010958904109589041,0.0,
6888107,365,1,0.0027397260273972603,0.0,
6895132,365,9,0.024657534246575342,0.0,
6897639,365,191,0.5232876712328767,0.0,
6901218,365,174,0.4767123287671233,0.0,
6902752,365,14,0.038356164383561646,0.0,
6907671,365,20,0.0547945205479452,0.0,
6908161,365,72,0.19726027397260273,0.0,
6911511,365,220,0.6027397260273972,0.0,
6913414,365,129,0.35342465753424657,0.0,
6913706,365,187,0.5123287671232877,0.0,
6915439,365,346,0.947945205479452,0.0,
6915487,365,61,0.16712328767123288,0.0,
6916167,365,0,0.0,0.0,
6921373,365,33,0.09041095890410959,0.0,
6923948,365,193,0.5287671232876713,0.0,
6925807,365,0,0.0,0.0,
6926511,365,354,0.9698630136986301,0.0,
6927016,365,293,0.8027397260273973,0.0,
6934128,365,0,0.0,0.0,
6935953,365,0,0.0,0.0,
6937071,365,194,0.5315068493150685,0.0,
6937492,365,4,0.010958904109589041,0.0,
6938103,365,48,0.13150684931506848,0.0,
6938542,365,55,0.1506849315068493,0.0,
6939106,365,296,0.810958904109589,0.0,
6939472,365,25,0.0684931506849315,0.0,
6941113,365,32,0.08767123287671233,0.0,
6949900,365,139,0.38082191780821917,0.0,
6951415,365,308,0.8438356164383561,0.0,
6954984,365,237,0.6493150684931507,0.0,
6956301,365,195,0.5342465753424658,0.0,
6956938,365,247,0.6767123287671233,0.0,
6958436,365,276,0.7561643835616438,0.0,
6958603,365,260,0.7123287671232876,0.0,
6959336,365,276,0.7561643835616438,0.0,
6961346,365,47,0.12876712328767123,0.0,
6968101,365,178,0.4876712328767123,0.0,
6971260,365,0,0.0,0.0,
6973790,365,29,0.07945205479452055,0.0,
6975036,365,161,0.4410958904109589,0.0,
6977095,365,89,0.24383561643835616,0.0,
6990477,365,250,0.684931506849315,0.0,
6990677,365,8,0.021917808219178082,0.0,
6990882,365,63,0.1726027397260274,0.0,
6991188,365,55,0.1506849315068493,0.0,
6992387,365,0,0.0,0.0,
6992696,365,198,0.5424657534246575,0.0,
6993019,365,0,0.0,0.0,
6993726,365,365,1.0,0.0,
6993978,365,155,0.4246575342465753,0.0,
6994406,365,142,0.38904109589041097,0.0,
7003848,365,0,0.0,0.0,
7005538,365,324,0.8876712328767123,0.0,
7007118,365,27,0.07397260273972603,0.0,
7007598,365,357,0.9780821917808219,0.0,
7009282,365,0,0.0,0.0,
7011200,365,11,0.030136986301369864,0.0,
7011773,365,310,0.8493150684931506,0.0,
7013085,365,23,0.06301369863013699,0.0,
7018009,365,61,0.16712328767123288,0.0,
7021544,365,253,0.6931506849315069,0.0,
7021702,365,199,0.5452054794520548,0.0,
7021906,365,190,0.5205479452054794,0.0,
7024684,365,233,0.6383561643835617,0.0,
7025898,365,1,0.0027397260273972603,0.0,
7026898,365,216,0.5917808219178082,0.0,
7027507,365,339,0.9287671232876712,0.0,
7035077,365,0,0.0,0.0,
7035240,365,200,0.547945205479452,0.0,
7035498,365,166,0.4547945205479452,0.0,
7036707,365,62,0.16986301369863013,0.0,
7037291,365,261,0.7150684931506849,0.0,
7037522,365,0,0.0,0.0,
7038750,365,124,0.33972602739726027,0.0,
7039427,365,41,0.11232876712328767,0.0,
7048843,365,286,0.7835616438356164,0.0,
7050204,365,0,0.0,0.0,
7050492,365,304,0.8328767123287671,0.0,
7050534,365,209,0.5726027397260274,0.0,
7054225,365,1,0.0027397260273972603,0.0,
7064681,365,202,0.5534246575342465,0.0,
7066118,365,22,0.06027397260273973,0.0,
7067082,365,21,0.057534246575342465,0.0,
7067650,365,244,0.6684931506849315,0.0,
7069080,365,0,0.0,0.0,
7069143,365,268,0.7342465753424657,0.0,
7070169,365,31,0.08493150684931507,0.0,
7071021,365,0,0.0,0.0,
7071222,365,275,0.7534246575342466,0.0,
7071331,365,278,0.7616438356164383,0.0,
7072218,365,299,0.8191780821917808,0.0,
7073650,365,0,0.0,0.0,
7074024,365,287,0.7863013698630137,0.0,
7075357,365,240,0.6575342465753424,0.0,
7075913,365,265,0.726027397260274,0.0,
7075948,365,0,0.0,0.0,
7077910,365,338,0.9260273972602739,0.0,
7087957,365,276,0.7561643835616438,0.0,
7089415,365,233,0.6383561643835617,0.0,
7091397,365,1,0.0027397260273972603,0.0,
7093738,365,345,0.9452054794520548,0.0,
7093910,365,345,0.9452054794520548,0.0,
7093986,365,345,0.9452054794520548,0.0,
7095802,365,6,0.01643835616438356,0.0,
7096107,365,204,0.5589041095890411,0.0,
7096547,365,283,0.7753424657534247,0.0,
7109376,365,15,0.0410958904109589,0.0,
7109735,365,204,0.5589041095890411,0.0,
7110655,365,230,0.6301369863013698,0.0,
7110923,365,277,0.7589041095890411,0.0,
7116795,365,14,0.038356164383561646,0.0,
7118258,365,190,0.5205479452054794,0.0,
7127036,365,205,0.5616438356164384,0.0,
7128310,365,2,0.005479452054794521,0.0,
7131797,365,249,0.6821917808219178,0.0,
7134759,365,318,0.8712328767123287,0.0,
7149703,365,227,0.6219178082191781,0.0,
7151093,365,0,0.0,0.0,
7151107,365,262,0.7178082191780822,0.0,
7151417,365,0,0.0,0.0,
7151924,365,6,0.01643835616438356,0.0,
7153101,365,30,0.0821917808219178,0.0,
7161725,365,56,0.15342465753424658,0.0,
7161897,365,334,0.915068493150685,0.0,
7162664,365,90,0.2465753424657534,0.0,
7163934,365,282,0.7726027397260274,0.0,
7177194,365,31,0.08493150684931507,0.0,
7178239,365,63,0.1726027397260274,0.0,
7178490,365,7,0.019178082191780823,0.0,
7179337,365,53,0.14520547945205478,0.0,
7179783,365,186,0.5095890410958904,0.0,
7180032,365,296,0.810958904109589,0.0,
7182584,365,114,0.31232876712328766,0.0,
7198282,365,15,0.0410958904109589,0.0,
7201336,365,9,0.024657534246575342,0.0,
7202016,365,5,0.0136986301369863,0.0,
7203408,365,209,0.5726027397260274,0.0,
7203765,365,217,0.5945205479452055,0.0,
7204672,365,213,0.5835616438356165,0.0,
7205443,365,110,0.3013698630136986,0.0,
7207641,365,212,0.5808219178082191,0.0,
7208439,365,11,0.030136986301369864,0.0,
7217102,365,0,0.0,0.0,
7219541,365,303,0.8301369863013699,0.0,
7219838,365,276,0.7561643835616438,0.0,
7221204,365,279,0.7643835616438356,0.0,
7222136,365,1,0.0027397260273972603,0.0,
7226013,365,5,0.0136986301369863,0.0,
7227464,365,24,0.06575342465753424,0.0,
7228435,365,149,0.40821917808219177,0.0,
7228499,365,213,0.5835616438356165,0.0,
7229015,365,2,0.005479452054794521,0.0,
7229312,365,320,0.8767123287671232,0.0,
7229743,365,345,0.9452054794520548,0.0,
7235573,365,0,0.0,0.0,
7239217,365,33,0.09041095890410959,0.0,
7241235,365,320,0.8767123287671232,0.0,
7241905,365,211,0.5780821917808219,0.0,
7243974,365,212,0.5808219178082191,0.0,
7245586,365,13,0.03561643835616438,0.0,
7245692,365,9,0.024657534246575342,0.0,
7247518,365,0,0.0,0.0,
7247720,365,2,0.005479452054794521,0.0,
7247767,365,4,0.010958904109589041,0.0,
7249508,365,197,0.5397260273972603,0.0,
7249631,365,192,0.5260273972602739,0.0,
7256122,365,12,0.03287671232876712,0.0,
7258811,365,0,0.0,0.0,
7262142,365,11,0.030136986301369864,0.0,
7262358,365,27,0.07397260273972603,0.0,
7263506,365,29,0.07945205479452055,0.0,
7264667,365,0,0.0,0.0,
7266662,365,1,0.0027397260273972603,0.0,
7274556,365,43,0.1178082191780822,0.0,
7275027,365,244,0.6684931506849315,0.0,
7275464,365,197,0.5397260273972603,0.0,
7278583,365,146,0.4,0.0,
7279669,365,213,0.5835616438356165,0.0,
7291403,365,118,0.3232876712328767,0.0,
7302675,365,215,0.589041095890411,0.0,
7305969,365,0,0.0,0.0,
7308331,365,278,0.7616438356164383,0.0,
7308567,365,26,0.07123287671232877,0.0,
7311407,365,25,0.0684931506849315,0.0,
7322718,365,276,0.7561643835616438,0.0,
7324041,365,194,0.5315068493150685,0.0,
7324993,365,187,0.5123287671232877,0.0,
7325455,365,5,0.0136986301369863,0.0,
7326419,365,13,0.03561643835616438,0.0,
7327623,365,9,0.024657534246575342,0.0,
7329805,365,86,0.2356164383561644,0.0,
7329915,365,1,0.0027397260273972603,0.0,
7331079,365,217,0.5945205479452055,0.0,
7332364,365,217,0.5945205479452055,0.0,
7335567,365,20,0.0547945205479452,0.0,
7343707,365,18,0.049315068493150684,0.0,
7344117,365,177,0.4849315068493151,0.0,
7347229,365,292,0.8,0.0,
7348578,365,283,0.7753424657534247,0.0,
7349029,365,283,0.7753424657534247,0.0,
7349099,365,303,0.8301369863013699,0.0,
7350059,365,14,0.038356164383561646,0.0,
7350870,365,0,0.0,0.0,
7350992,365,31,0.08493150684931507,0.0,
7353834,365,219,0.6,0.0,
7360078,365,0,0.0,0.0,
7362757,365,213,0.5835616438356165,0.0,
7363462,365,277,0.7589041095890411,0.0,
7363701,365,26,0.07123287671232877,0.0,
7363727,365,13,0.03561643835616438,0.0,
7364024,365,20,0.0547945205479452,0.0,
7364146,365,28,0.07671232876712329,0.0,
7368030,365,219,0.6,0.0,
7368599,365,20,0.0547945205479452,0.0,
7368959,365,1,0.0027397260273972603,0.0,
7381005,365,104,0.28493150684931506,0.0,
7381677,365,263,0.7205479452054795,0.0,
7382303,365,9,0.024657534246575342,0.0,
7382368,365,365,1.0,0.0,
7386675,365,219,0.6,0.0,
7387294,365,45,0.1232876712328767,0.0,
7388225,365,163,0.4465753424657534,0.0,
7388899,365,34,0.09315068493150686,0.0,
7389248,365,32,0.08767123287671233,0.0,
7389483,365,17,0.04657534246575343,0.0,
7389950,365,8,0.021917808219178082,0.0,
7390195,365,42,0.11506849315068493,0.0,
7391003,365,70,0.1917808219178082,0.0,
7396508,365,0,0.0,0.0,
7396707,365,0,0.0,0.0,
7397476,365,0,0.0,0.0,
7400955,365,216,0.5917808219178082,0.0,
7401671,365,0,0.0,0.0,
7401854,365,220,0.6027397260273972,0.0,
7402190,365,0,0.0,0.0,
7402861,365,240,0.6575342465753424,0.0,
7403174,365,308,0.8438356164383561,0.0,
7404370,365,221,0.6054794520547945,0.0,
7405128,365,88,0.2410958904109589,0.0,
7411863,365,53,0.14520547945205478,0.0,
7415378,365,200,0.547945205479452,0.0,
7417852,365,3,0.00821917808219178,0.0,
7418814,365,0,0.0,0.0,
7420339,365,365,1.0,0.0,
7420488,365,100,0.273972602739726,0.0,
7420762,365,286,0.7835616438356164,0.0,
7421950,365,34,0.09315068493150686,0.0,
7421966,365,222,0.6082191780821918,0.0,
7429207,365,223,0.6109589041095891,0.0,
7430679,365,121,0.3315068493150685,0.0,
7430926,365,54,0.14794520547945206,0.0,
7431247,365,222,0.6082191780821918,0.0,
7434103,365,148,0.4054794520547945,0.0,
7435912,365,0,0.0,0.0,
7437784,365,365,1.0,0.0,
7438635,365,63,0.1726027397260274,0.0,
7439802,365,125,0.3424657534246575,0.0,
7440415,365,279,0.7643835616438356,0.0,
7441508,365,0,0.0,0.0,
7451624,365,29,0.07945205479452055,0.0,
7452021,365,34,0.09315068493150686,0.0,
7454026,365,0,0.0,0.0,
7455068,365,7,0.019178082191780823,0.0,
7455706,365,10,0.0273972602739726,0.0,
7459637,365,223,0.6109589041095891,0.0,
7459684,365,52,0.14246575342465753,0.0,
7462428,365,276,0.7561643835616438,0.0,
7462439,365,0,0.0,0.0,
7471629,365,278,0.7616438356164383,0.0,
7480196,365,254,0.6958904109589041,0.0,
7480843,365,0,0.0,0.0,
7481498,365,276,0.7561643835616438,0.0,
7483750,365,20,0.0547945205479452,0.0,
7492006,365,0,0.0,0.0,
7492877,365,13,0.03561643835616438,0.0,
7496485,365,225,0.6164383561643836,0.0,
7499506,365,0,0.0,0.0,
7500000,365,98,0.2684931506849315,0.0,
7500191,365,1,0.0027397260273972603,0.0,
7500728,365,0,0.0,0.0,
7500976,365,118,0.3232876712328767,0.0,
7501583,365,226,0.6191780821917808,0.0,
7501919,365,8,0.021917808219178082,0.0,
7502246,365,14,0.038356164383561646,0.0,
7506165,365,31,0.08493150684931507,0.0,
7510776,365,92,0.25205479452054796,0.0,
7513198,365,226,0.6191780821917808,0.0,
7513623,365,33,0.09041095890410959,0.0,
7514366,365,30,0.0821917808219178,0.0,
7517215,365,0,0.0,0.0,
7517684,365,154,0.42191780821917807,0.0,
7518316,365,36,0.09863013698630137,0.0,
7518794,365,227,0.6219178082191781,0.0,
7527242,365,116,0.3178082191780822,0.0,
7529124,365,306,0.8383561643835616,0.0,
7531405,365,227,0.6219178082191781,0.0,
7533537,365,62,0.16986301369863013,0.0,
7533901,365,85,0.2328767123287671,0.0,
7534300,365,0,0.0,0.0,
7534398,365,251,0.6876712328767123,0.0,
7534812,365,57,0.15616438356164383,0.0,
7535055,365,239,0.6547945205479452,0.0,
7536074,365,0,0.0,0.0,
7536219,365,281,0.7698630136986301,0.0,
7543458,365,247,0.6767123287671233,0.0,
7544337,365,13,0.03561643835616438,0.0,
7547290,365,203,0.5561643835616439,0.0,
7547611,365,51,0.13972602739726028,0.0,
7550234,365,279,0.7643835616438356,0.0,
7557951,365,225,0.6164383561643836,0.0,
7559939,365,0,0.0,0.0,
7561254,365,192,0.5260273972602739,0.0,
7561272,365,156,0.4273972602739726,0.0,
7561333,365,10,0.0273972602739726,0.0,
7562331,365,36,0.09863013698630137,0.0,
7562591,365,230,0.6301369863013698,0.0,
7563243,365,188,0.5150684931506849,0.0,
7564942,365,235,0.6438356164383562,0.0,
7574864,365,338,0.9260273972602739,0.0,
7577073,365,0,0.0,0.0,
7579854,365,217,0.5945205479452055,0.0,
7580593,365,363,0.9945205479452055,0.0,
7581631,365,42,0.11506849315068493,0.0,
7581974,365,365,1.0,0.0,
7584142,365,0,0.0,0.0,
7585688,365,86,0.2356164383561644,0.0,
7596455,365,0,0.0,0.0,
7596934,365,0,0.0,0.0,
7597244,365,43,0.1178082191780822,0.0,
7598743,365,0,0.0,0.0,
7601333,365,244,0.6684931506849315,0.0,
7601766,365,0,0.0,0.0,
7603135,365,222,0.6082191780821918,0.0,
7603457,365,14,0.038356164383561646,0.0,
7604621,365,276,0.7561643835616438,0.0,
7614244,365,184,0.5041095890410959,0.0,
7615170,365,186,0.5095890410958904,0.0,
7616008,365,19,0.052054794520547946,0.0,
7616031,365,35,0.0958904109589041,0.0,
7616507,365,178,0.4876712328767123,0.0,
7618526,365,215,0.589041095890411,0.0,
7618605,365,271,0.7424657534246575,0.0,
7619060,365,197,0.5397260273972603,0.0,
7619727,365,243,0.6657534246575343,0.0,
7620570,365,0,0.0,0.0,
7627794,365,297,0.8136986301369863,0.0,
7630155,365,3,0.00821917808219178,0.0,
7634011,365,0,0.0,0.0,
7635496,365,233,0.6383561643835617,0.0,
7635966,365,233,0.6383561643835617,0.0,
7636185,365,35,0.0958904109589041,0.0,
7638263,365,14,0.038356164383561646,0.0,
7638282,365,28,0.07671232876712329,0.0,
7638689,365,225,0.6164383561643836,0.0,
7646637,365,0,0.0,0.0,
7647221,365,92,0.25205479452054796,0.0,
7648716,365,234,0.6410958904109589,0.0,
7649837,365,281,0.7698630136986301,0.0,
7650458,365,85,0.2328767123287671,0.0,
7651148,365,0,0.0,0.0,
7651602,365,0,0.0,0.0,
7651653,365,234,0.6410958904109589,0.0,
7651702,365,0,0.0,0.0,
7653539,365,0,0.0,0.0,
7660932,365,118,0.3232876712328767,0.0,
7661577,365,258,0.7068493150684931,0.0,
7662775,365,276,0.7561643835616438,0.0,
7664565,365,233,0.6383561643835617,0.0,
7664899,365,0,0.0,0.0,
7665114,365,219,0.6,0.0,
7665392,365,6,0.01643835616438356,0.0,
7665415,365,117,0.32054794520547947,0.0,
7666155,365,236,0.6465753424657534,0.0,
7667990,365,249,0.6821917808219178,0.0,
7674720,365,57,0.15616438356164383,0.0,
7676574,365,0,0.0,0.0,
7678064,365,192,0.5260273972602739,0.0,
7678429,365,236,0.6465753424657534,0.0,
7678814,365,359,0.9835616438356164,0.0,
7679928,365,219,0.6,0.0,
7680289,365,12,0.03287671232876712,0.0,
7680439,365,5,0.0136986301369863,0.0,
7680670,365,361,0.989041095890411,0.0,
7685745,365,3,0.00821917808219178,0.0,
7692789,365,0,0.0,0.0,
7695195,365,235,0.6438356164383562,0.0,
7697170,365,28,0.07671232876712329,0.0,
7697340,365,160,0.4383561643835616,0.0,
7698721,365,0,0.0,0.0,
7698916,365,238,0.6520547945205479,0.0,
7699096,365,277,0.7589041095890411,0.0,
7699356,365,337,0.9232876712328767,0.0,
7699495,365,291,0.7972602739726027,0.0,
7701014,365,9,0.024657534246575342,0.0,
7710713,365,319,0.873972602739726,0.0,
7713043,365,0,0.0,0.0,
7714294,365,62,0.16986301369863013,0.0,
7714585,365,2,0.005479452054794521,0.0,
7717478,365,167,0.4575342465753425,0.0,
7717653,365,232,0.6356164383561644,0.0,
7717813,365,7,0.019178082191780823,0.0,
7718139,365,0,0.0,0.0,
7718203,365,244,0.6684931506849315,0.0,
7724630,365,239,0.6547945205479452,0.0,
7725597,365,0,0.0,0.0,
7727428,365,239,0.6547945205479452,0.0,
7731836,365,309,0.8465753424657534,0.0,
7732071,365,239,0.6547945205479452,0.0,
7733192,365,6,0.01643835616438356,0.0,
7735100,365,96,0.26301369863013696,0.0,
7735282,365,258,0.7068493150684931,0.0,
7735313,365,50,0.136986301369863,0.0,
7735464,365,240,0.6575342465753424,0.0,
7742525,365,179,0.4904109589041096,0.0,
7743727,365,244,0.6684931506849315,0.0,
7745016,365,240,0.6575342465753424,0.0,
7745196,365,18,0.049315068493150684,0.0,
7746170,365,0,0.0,0.0,
7748349,365,176,0.4821917808219178,0.0,
7748778,365,0,0.0,0.0,
7748866,365,276,0.7561643835616438,0.0,
7748905,365,44,0.12054794520547946,0.0,
7750477,365,72,0.19726027397260273,0.0,
7756839,365,119,0.32602739726027397,0.0,
7760836,365,283,0.7753424657534247,0.0,
7761509,365,313,0.8575342465753425,0.0,
7762347,365,241,0.6602739726027397,0.0,
7763298,365,8,0.021917808219178082,0.0,
7763613,365,331,0.9068493150684932,0.0,
7763878,365,0,0.0,0.0,
7768727,365,4,0.010958904109589041,0.0,
7771531,365,28,0.07671232876712329,0.0,
7772661,365,223,0.6109589041095891,0.0,
7773668,365,24,0.06575342465753424,0.0,
7773851,365,220,0.6027397260273972,0.0,
7775167,365,91,0.2493150684931507,0.0,
7775663,365,18,0.049315068493150684,0.0,
7776701,365,67,0.18356164383561643,0.0,
7777219,365,191,0.5232876712328767,0.0,
7777381,365,18,0.049315068493150684,0.0,
7784802,365,360,0.9863013698630136,0.0,
7788695,365,307,0.8410958904109589,0.0,
7789264,365,21,0.057534246575342465,0.0,
7789438,365,16,0.043835616438356165,0.0,
7791010,365,69,0.18904109589041096,0.0,
7798575,365,363,0.9945205479452055,0.0,
7800143,365,248,0.6794520547945205,0.0,
7800238,365,45,0.1232876712328767,0.0,
7802149,365,145,0.3972602739726027,0.0,
7802266,365,244,0.6684931506849315,0.0,
7803176,365,11,0.030136986301369864,0.0,
7805332,365,29,0.07945205479452055,0.0,
7805491,365,0,0.0,0.0,
7806698,365,7,0.019178082191780823,0.0,
7807087,365,96,0.26301369863013696,0.0,
7807090,365,27,0.07397260273972603,0.0,
7807169,365,4,0.010958904109589041,0.0,
7807658,365,0,0.0,0.0,
7808495,365,245,0.6712328767123288,0.0,
7809455,365,123,0.336986301369863,0.0,
7809494,365,8,0.021917808219178082,0.0,
7809595,365,33,0.09041095890410959,0.0,
7809718,365,48,0.13150684931506848,0.0,
7821003,365,360,0.9863013698630136,0.0,
7821351,365,243,0.6657534246575343,0.0,
7823973,365,63,0.1726027397260274,0.0,
7824426,365,1,0.0027397260273972603,0.0,
7824870,365,245,0.6712328767123288,0.0,
7824929,365,2,0.005479452054794521,0.0,
7826447,365,15,0.0410958904109589,0.0,
7826541,365,246,0.673972602739726,0.0,
7826593,365,0,0.0,0.0,
7828222,365,363,0.9945205479452055,0.0,
7828509,365,0,0.0,0.0,
7833113,365,246,0.673972602739726,0.0,
7836953,365,251,0.6876712328767123,0.0,
7838294,365,246,0.673972602739726,0.0,
7839535,365,224,0.6136986301369863,0.0,
7839723,365,360,0.9863013698630136,0.0,
7840228,365,244,0.6684931506849315,0.0,
7843145,365,34,0.09315068493150686,0.0,
7843837,365,182,0.4986301369863014,0.0,
7843995,365,88,0.2410958904109589,0.0,
7844444,365,247,0.6767123287671233,0.0,
7853358,365,269,0.736986301369863,0.0,
7853498,365,313,0.8575342465753425,0.0,
7857241,365,244,0.6684931506849315,0.0,
7858454,365,244,0.6684931506849315,0.0,
7859906,365,297,0.8136986301369863,0.0,
7859909,365,0,0.0,0.0,
7860710,365,23,0.06301369863013699,0.0,
7860837,365,299,0.8191780821917808,0.0,
7869223,365,248,0.6794520547945205,0.0,
7870538,365,116,0.3178082191780822,0.0,
7871807,365,248,0.6794520547945205,0.0,
7871885,365,199,0.5452054794520548,0.0,
7872818,365,210,0.5753424657534246,0.0,
7872980,365,6,0.01643835616438356,0.0,
7873208,365,82,0.22465753424657534,0.0,
7873345,365,7,0.019178082191780823,0.0,
7873789,365,198,0.5424657534246575,0.0,
7874053,365,363,0.9945205479452055,0.0,
7875887,365,6,0.01643835616438356,0.0,
7881802,365,208,0.5698630136986301,0.0,
7883181,365,187,0.5123287671232877,0.0,
7884782,365,139,0.38082191780821917,0.0,
7885859,365,250,0.684931506849315,0.0,
7886656,365,10,0.0273972602739726,0.0,
7887651,365,190,0.5205479452054794,0.0,
7900056,365,6,0.01643835616438356,0.0,
7900497,365,27,0.07397260273972603,0.0,
7901318,365,250,0.684931506849315,0.0,
7901725,365,251,0.6876712328767123,0.0,
7902068,365,277,0.7589041095890411,0.0,
7902137,365,65,0.1780821917808219,0.0,
7902229,365,295,0.8082191780821918,0.0,
7902268,365,283,0.7753424657534247,0.0,
7902330,365,282,0.7726027397260274,0.0,
7902382,365,254,0.6958904109589041,0.0,
7902569,365,15,0.0410958904109589,0.0,
7914021,365,0,0.0,0.0,
7915432,365,0,0.0,0.0,
7916754,365,251,0.6876712328767123,0.0,
7917700,365,0,0.0,0.0,
7917718,365,174,0.4767123287671233,0.0,
7920539,365,235,0.6438356164383562,0.0,
7921278,365,13,0.03561643835616438,0.0,
7921289,365,256,0.7013698630136986,0.0,
7921453,365,0,0.0,0.0,
7922013,365,279,0.7643835616438356,0.0,
7922063,365,276,0.7561643835616438,0.0,
7922197,365,114,0.31232876712328766,0.0,
7922373,365,186,0.5095890410958904,0.0,
7922581,365,193,0.5287671232876713,0.0,
7922663,365,276,0.7561643835616438,0.0,
7922676,365,365,1.0,0.0,
7931111,365,293,0.8027397260273973,0.0,
7931386,365,2,0.005479452054794521,0.0,
7932696,365,5,0.0136986301369863,0.0,
7934356,365,252,0.6904109589041096,0.0,
7934963,365,191,0.5232876712328767,0.0,
7935437,365,0,0.0,0.0,
7936712,365,21,0.057534246575342465,0.0,
7936877,365,252,0.6904109589041096,0.0,
7938153,365,0,0.0,0.0,
7938941,365,1,0.0027397260273972603,0.0,
7939058,365,0,0.0,0.0,
7940358,365,237,0.6493150684931507,0.0,
7941079,365,0,0.0,0.0,
7948034,365,0,0.0,0.0,
7949448,365,187,0.5123287671232877,0.0,
7952032,365,365,1.0,0.0,
7952930,365,6,0.01643835616438356,0.0,
7953211,365,8,0.021917808219178082,0.0,
7954781,365,299,0.8191780821917808,0.0,
7956227,365,1,0.0027397260273972603,0.0,
7956337,365,282,0.7726027397260274,0.0,
7957689,365,254,0.6958904109589041,0.0,
7957729,365,263,0.7205479452054795,0.0,
7957904,365,254,0.6958904109589041,0.0,
7965184,365,0,0.0,0.0,
7967844,365,270,0.7397260273972602,0.0,
7968548,365,0,0.0,0.0,
7969698,365,255,0.6986301369863014,0.0,
7970663,365,276,0.7561643835616438,0.0,
7971334,365,0,0.0,0.0,
7971395,365,6,0.01643835616438356,0.0,
7974112,365,0,0.0,0.0,
7975026,365,255,0.6986301369863014,0.0,
7984550,365,0,0.0,0.0,
7984738,365,0,0.0,0.0,
7985714,365,0,0.0,0.0,
7987836,365,0,0.0,0.0,
7987846,365,0,0.0,0.0,
7988300,365,21,0.057534246575342465,0.0,
7988337,365,8,0.021917808219178082,0.0,
7988436,365,12,0.03287671232876712,0.0,
7988792,365,256,0.7013698630136986,0.0,
7995944,365,13,0.03561643835616438,0.0,
7999692,365,256,0.7013698630136986,0.0,
7999972,365,256,0.7013698630136986,0.0,
8000037,365,256,0.7013698630136986,0.0,
8002965,365,301,0.8246575342465754,0.0,
8006745,365,362,0.9917808219178083,0.0,
8009814,365,1,0.0027397260273972603,0.0,
8012443,365,0,0.0,0.0,
8014547,365,265,0.726027397260274,0.0,
8015531,365,295,0.8082191780821918,0.0,
8016309,365,295,0.8082191780821918,0.0,
8016481,365,258,0.7068493150684931,0.0,
8016610,365,136,0.3726027397260274,0.0,
8016646,365,14,0.038356164383561646,0.0,
8017832,365,9,0.024657534246575342,0.0,
8027776,365,293,0.8027397260273973,0.0,
8028801,365,0,0.0,0.0,
8029177,365,14,0.038356164383561646,0.0,
8033438,365,4,0.010958904109589041,0.0,
8034871,365,15,0.0410958904109589,0.0,
8035212,365,180,0.4931506849315068,0.0,
8036620,365,289,0.7917808219178082,0.0,
8036985,365,14,0.038356164383561646,0.0,
8046691,365,259,0.7095890410958904,0.0,
8047522,365,0,0.0,0.0,
8048333,365,28,0.07671232876712329,0.0,
8049470,365,259,0.7095890410958904,0.0,
8050232,365,259,0.7095890410958904,0.0,
8050642,365,41,0.11232876712328767,0.0,
8051134,365,6,0.01643835616438356,0.0,
8052307,365,0,0.0,0.0,
8052542,365,272,0.7452054794520548,0.0,
8053049,365,263,0.7205479452054795,0.0,
8053128,365,170,0.4657534246575342,0.0,
8053396,365,298,0.8164383561643835,0.0,
8053554,365,260,0.7123287671232876,0.0,
8053921,365,86,0.2356164383561644,0.0,
8053990,365,11,0.030136986301369864,0.0,
8054518,365,8,0.021917808219178082,0.0,
8054892,365,208,0.5698630136986301,0.0,
8054902,365,36,0.09863013698630137,0.0,
8061699,365,310,0.8493150684931506,0.0,
8064351,365,9,0.024657534246575342,0.0,
8065531,365,9,0.024657534246575342,0.0,
8065715,365,14,0.038356164383561646,0.0,
8066883,365,279,0.7643835616438356,0.0,
8067001,365,260,0.7123287671232876,0.0,
8067053,365,0,0.0,0.0,
8067827,365,0,0.0,0.0,
8068232,365,0,0.0,0.0,
8069192,365,27,0.07397260273972603,0.0,
8072850,365,264,0.7232876712328767,0.0,
8072907,365,103,0.2821917808219178,0.0,
8072920,365,235,0.6438356164383562,0.0,
8080939,365,5,0.0136986301369863,0.0,
8081658,365,0,0.0,0.0,
8082659,365,192,0.5260273972602739,0.0,
8083242,365,0,0.0,0.0,
8086294,365,169,0.46301369863013697,0.0,
8087037,365,0,0.0,0.0,
8088447,365,272,0.7452054794520548,0.0,
8089214,365,0,0.0,0.0,
8089781,365,235,0.6438356164383562,0.0,
8090541,365,253,0.6931506849315069,0.0,
8091417,365,262,0.7178082191780822,0.0,
8093529,365,313,0.8575342465753425,0.0,
8094338,365,0,0.0,0.0,
8095168,365,262,0.7178082191780822,0.0,
8097708,365,0,0.0,0.0,
8098383,365,60,0.1643835616438356,0.0,
8099917,365,71,0.19452054794520549,0.0,
8100190,365,1,0.0027397260273972603,0.0,
8101251,365,35,0.0958904109589041,0.0,
8101791,365,4,0.010958904109589041,0.0,
8101950,365,333,0.9123287671232877,0.0,
8102064,365,262,0.7178082191780822,0.0,
8102349,365,28,0.07671232876712329,0.0,
8103365,365,262,0.7178082191780822,0.0,
8103432,365,0,0.0,0.0,
8104742,365,15,0.0410958904109589,0.0,
8105221,365,1,0.0027397260273972603,0.0,
8105351,365,252,0.6904109589041096,0.0,
8106263,365,29,0.07945205479452055,0.0,
8106277,365,0,0.0,0.0,
8107555,365,270,0.7397260273972602,0.0,
8116395,365,44,0.12054794520547946,0.0,
8116504,365,0,0.0,0.0,
8117705,365,348,0.9534246575342465,0.0,
8118110,365,276,0.7561643835616438,0.0,
8118346,365,0,0.0,0.0,
8119192,365,2,0.005479452054794521,0.0,
8129537,365,265,0.726027397260274,0.0,
8129676,365,266,0.7287671232876712,0.0,
8130015,365,265,0.726027397260274,0.0,
8131762,365,94,0.25753424657534246,0.0,
8131881,365,209,0.5726027397260274,0.0,
8132007,365,46,0.12602739726027398,0.0,
8132347,365,95,0.2602739726027397,0.0,
8136553,365,0,0.0,0.0,
8147215,365,164,0.44931506849315067,0.0,
8147986,365,276,0.7561643835616438,0.0,
8150045,365,309,0.8465753424657534,0.0,
8150145,365,280,0.7671232876712328,0.0,
8150395,365,310,0.8493150684931506,0.0,
8152191,365,25,0.0684931506849315,0.0,
8152764,365,230,0.6301369863013698,0.0,
8153673,365,6,0.01643835616438356,0.0,
8154238,365,0,0.0,0.0,
8155580,365,0,0.0,0.0,
8155710,365,0,0.0,0.0,
8156764,365,27,0.07397260273972603,0.0,
8156860,365,0,0.0,0.0,
8156894,365,0,0.0,0.0,
8157486,365,0,0.0,0.0,
8168476,365,42,0.11506849315068493,0.0,
8168876,365,34,0.09315068493150686,0.0,
8170683,365,0,0.0,0.0,
8171726,365,365,1.0,0.0,
8173487,365,0,0.0,0.0,
8173825,365,267,0.7315068493150685,0.0,
8174285,365,28,0.07671232876712329,0.0,
8174389,365,267,0.7315068493150685,0.0,
8174626,365,4,0.010958904109589041,0.0,
8174943,365,0,0.0,0.0,
8186781,365,223,0.6109589041095891,0.0,
8187537,365,141,0.3863013698630137,0.0,
8187592,365,0,0.0,0.0,
8193054,365,260,0.7123287671232876,0.0,
8193241,365,292,0.8,0.0,
8193332,365,239,0.6547945205479452,0.0,
8193516,365,279,0.7643835616438356,0.0,
8194164,365,0,0.0,0.0,
8194286,365,268,0.7342465753424657,0.0,
8194782,365,196,0.536986301369863,0.0,
8194886,365,365,1.0,0.0,
8195348,365,0,0.0,0.0,
8195629,365,262,0.7178082191780822,0.0,
8196883,365,257,0.7041095890410959,0.0,
8207848,365,0,0.0,0.0,
8207987,365,0,0.0,0.0,
8209686,365,272,0.7452054794520548,0.0,
8212190,365,0,0.0,0.0,
8212989,365,281,0.7698630136986301,0.0,
8221520,365,303,0.8301369863013699,0.0,
8225635,365,0,0.0,0.0,
8227038,365,156,0.4273972602739726,0.0,
8227710,365,61,0.16712328767123288,0.0,
8233110,365,4,0.010958904109589041,0.0,
8236094,365,14,0.038356164383561646,0.0,
8240758,365,271,0.7424657534246575,0.0,
8241019,365,365,1.0,0.0,
8242212,365,0,0.0,0.0,
8248970,365,0,0.0,0.0,
8251213,365,355,0.9726027397260274,0.0,
8253456,365,211,0.5780821917808219,0.0,
8253758,365,365,1.0,0.0,
8253955,365,0,0.0,0.0,
8255196,365,0,0.0,0.0,
8255615,365,191,0.5232876712328767,0.0,
8257837,365,86,0.2356164383561644,0.0,
8267620,365,1,0.0027397260273972603,0.0,
8273031,365,0,0.0,0.0,
8273948,365,196,0.536986301369863,0.0,
8276416,365,281,0.7698630136986301,0.0,
8286095,365,15,0.0410958904109589,0.0,
8289871,365,0,0.0,0.0,
8292326,365,0,0.0,0.0,
8293287,365,276,0.7561643835616438,0.0,
8294379,365,289,0.7917808219178082,0.0,
8296857,365,74,0.20273972602739726,0.0,
8301680,365,283,0.7753424657534247,0.0,
8306501,365,50,0.136986301369863,0.0,
8306581,365,233,0.6383561643835617,0.0,
8306646,365,1,0.0027397260273972603,0.0,
8307502,365,21,0.057534246575342465,0.0,
8308316,365,71,0.19452054794520549,0.0,
8308353,365,304,0.8328767123287671,0.0,
8308386,365,4,0.010958904109589041,0.0,
8310249,365,0,0.0,0.0,
8310398,365,0,0.0,0.0,
8310576,365,196,0.536986301369863,0.0,
8311242,365,290,0.7945205479452054,0.0,
8322107,365,275,0.7534246575342466,0.0,
8326413,365,64,0.17534246575342466,0.0,
8326940,365,1,0.0027397260273972603,0.0,
8327083,365,34,0.09315068493150686,0.0,
8327124,365,34,0.09315068493150686,0.0,
8327765,365,1,0.0027397260273972603,0.0,
8338155,365,271,0.7424657534246575,0.0,
8338849,365,116,0.3178082191780822,0.0,
8339303,365,29,0.07945205479452055,0.0,
8339428,365,365,1.0,0.0,
8339580,365,0,0.0,0.0,
8340819,365,0,0.0,0.0,
8340841,365,284,0.7780821917808219,0.0,
8341720,365,7,0.019178082191780823,0.0,
8342429,365,278,0.7616438356164383,0.0,
8342968,365,186,0.5095890410958904,0.0,
8350401,365,0,0.0,0.0,
8354452,365,276,0.7561643835616438,0.0,
8355276,365,323,0.8849315068493151,0.0,
8356608,365,0,0.0,0.0,
8365938,365,0,0.0,0.0,
8369321,365,365,1.0,0.0,
8371720,365,0,0.0,0.0,
8372038,365,34,0.09315068493150686,0.0,
8372562,365,290,0.7945205479452054,0.0,
8373664,365,10,0.0273972602739726,0.0,
8373832,365,3,0.00821917808219178,0.0,
8374102,365,23,0.06301369863013699,0.0,
8379081,365,137,0.37534246575342467,0.0,
8385444,365,30,0.0821917808219178,0.0,
8385687,365,300,0.821917808219178,0.0,
8387068,365,70,0.1917808219178082,0.0,
8389809,365,0,0.0,0.0,
8391954,365,349,0.9561643835616438,0.0,
8392661,365,343,0.9397260273972603,0.0,
8392801,365,24,0.06575342465753424,0.0,
8402434,365,253,0.6931506849315069,0.0,
8409695,365,0,0.0,0.0,
8409750,365,159,0.43561643835616437,0.0,
8409773,365,62,0.16986301369863013,0.0,
8409926,365,294,0.8054794520547945,0.0,
8409941,365,292,0.8,0.0,
8409949,365,284,0.7780821917808219,0.0,
8409962,365,296,0.810958904109589,0.0,
8409969,365,289,0.7917808219178082,0.0,
8409975,365,331,0.9068493150684932,0.0,
8411627,365,187,0.5123287671232877,0.0,
8411663,365,187,0.5123287671232877,0.0,
8412143,365,5,0.0136986301369863,0.0,
8418650,365,130,0.3561643835616438,0.0,
8423118,365,273,0.7479452054794521,0.0,
8424532,365,73,0.2,0.0,
8425013,365,33,0.09041095890410959,0.0,
8426749,365,29,0.07945205479452055,0.0,
8426827,365,1,0.0027397260273972603,0.0,
8427227,365,286,0.7835616438356164,0.0,
8427254,365,62,0.16986301369863013,0.0,
8428825,365,282,0.7726027397260274,0.0,
8431178,365,2,0.005479452054794521,0.0,
8441263,365,365,1.0,0.0,
8441477,365,23,0.06301369863013699,0.0,
8443258,365,29,0.07945205479452055,0.0,
8443952,365,276,0.7561643835616438,0.0,
8446120,365,0,0.0,0.0,
8446347,365,0,0.0,0.0,
8446541,365,11,0.030136986301369864,0.0,
8446689,365,34,0.09315068493150686,0.0,
8446766,365,1,0.0027397260273972603,0.0,
8453633,365,34,0.09315068493150686,0.0,
8455865,365,132,0.36164383561643837,0.0,
8457402,365,22,0.06027397260273973,0.0,
8459215,365,0,0.0,0.0,
8463726,365,17,0.04657534246575343,0.0,
8472954,365,0,0.0,0.0,
8473056,365,57,0.15616438356164383,0.0,
8473625,365,0,0.0,0.0,
8474253,365,354,0.9698630136986301,0.0,
8474294,365,357,0.9780821917808219,0.0,
8474584,365,25,0.0684931506849315,0.0,
8474605,365,0,0.0,0.0,
8483477,365,0,0.0,0.0,
8483744,365,25,0.0684931506849315,0.0,
8484705,365,9,0.024657534246575342,0.0,
8487843,365,107,0.29315068493150687,0.0,
8501705,365,69,0.18904109589041096,0.0,
8501721,365,0,0.0,0.0,
8503556,365,49,0.13424657534246576,0.0,
8503720,365,285,0.7808219178082192,0.0,
8505421,365,0,0.0,0.0,
8505940,365,214,0.5863013698630137,0.0,
8507062,365,238,0.6520547945205479,0.0,
8507873,365,290,0.7945205479452054,0.0,
8508223,365,0,0.0,0.0,
8508341,365,10,0.0273972602739726,0.0,
8515408,365,276,0.7561643835616438,0.0,
8517235,365,357,0.9780821917808219,0.0,
8517602,365,36,0.09863013698630137,0.0,
8518308,365,57,0.15616438356164383,0.0,
8524349,365,106,0.29041095890410956,0.0,
8524565,365,266,0.7287671232876712,0.0,
8525338,365,28,0.07671232876712329,0.0,
8525825,365,0,0.0,0.0,
8533375,365,1,0.0027397260273972603,0.0,
8535897,365,203,0.5561643835616439,0.0,
8536441,365,310,0.8493150684931506,0.0,
8537192,365,118,0.3232876712328767,0.0,
8538420,365,16,0.043835616438356165,0.0,
8538630,365,118,0.3232876712328767,0.0,
8541389,365,0,0.0,0.0,
8551871,365,40,0.1095890410958904,0.0,
8553556,365,4,0.010958904109589041,0.0,
8555098,365,0,0.0,0.0,
8555304,365,12,0.03287671232876712,0.0,
8555794,365,0,0.0,0.0,
8556103,365,96,0.26301369863013696,0.0,
8556665,365,89,0.24383561643835616,0.0,
8559462,365,23,0.06301369863013699,0.0,
8562314,365,118,0.3232876712328767,0.0,
8566242,365,1,0.0027397260273972603,0.0,
8566475,365,20,0.0547945205479452,0.0,
8566501,365,0,0.0,0.0,
8567933,365,7,0.019178082191780823,0.0,
8568567,365,25,0.0684931506849315,0.0,
8570596,365,13,0.03561643835616438,0.0,
8571518,365,275,0.7534246575342466,0.0,
8575663,365,223,0.6109589041095891,0.0,
8578023,365,273,0.7479452054794521,0.0,
8578490,365,144,0.39452054794520547,0.0,
8579782,365,133,0.3643835616438356,0.0,
8583457,365,12,0.03287671232876712,0.0,
8594059,365,18,0.049315068493150684,0.0,
8594406,365,28,0.07671232876712329,0.0,
8594717,365,101,0.27671232876712326,0.0,
8596938,365,293,0.8027397260273973,0.0,
8597687,365,21,0.057534246575342465,0.0,
8597800,365,344,0.9424657534246575,0.0,
8605841,365,81,0.2219178082191781,0.0,
8606766,365,185,0.5068493150684932,0.0,
8608233,365,0,0.0,0.0,
8608414,365,293,0.8027397260273973,0.0,
8608525,365,223,0.6109589041095891,0.0,
8611952,365,149,0.40821917808219177,0.0,
8612922,365,186,0.5095890410958904,0.0,
8613792,365,293,0.8027397260273973,0.0,
8616488,365,288,0.7890410958904109,0.0,
8616606,365,18,0.049315068493150684,0.0,
8617043,365,186,0.5095890410958904,0.0,
8617171,365,300,0.821917808219178,0.0,
8626068,365,294,0.8054794520547945,0.0,
8627921,365,12,0.03287671232876712,0.0,
8631419,365,199,0.5452054794520548,0.0,
8632651,365,105,0.2876712328767123,0.0,
8633733,365,91,0.2493150684931507,0.0,
8634897,365,76,0.20821917808219179,0.0,
8637174,365,249,0.6821917808219178,0.0,
8643209,365,0,0.0,0.0,
8645226,365,296,0.810958904109589,0.0,
8652185,365,303,0.8301369863013699,0.0,
8653722,365,100,0.273972602739726,0.0,
8653843,365,0,0.0,0.0,
8666707,365,273,0.7479452054794521,0.0,
8668073,365,0,0.0,0.0,
8668410,365,9,0.024657534246575342,0.0,
8670079,365,296,0.810958904109589,0.0,
8670484,365,0,0.0,0.0,
8673979,365,0,0.0,0.0,
8674765,365,31,0.08493150684931507,0.0,
8683011,365,18,0.049315068493150684,0.0,
8684315,365,27,0.07397260273972603,0.0,
8687716,365,3,0.00821917808219178,0.0,
8687967,365,0,0.0,0.0,
8689375,365,4,0.010958904109589041,0.0,
8690491,365,296,0.810958904109589,0.0,
8691263,365,279,0.7643835616438356,0.0,
8699046,365,298,0.8164383561643835,0.0,
8703208,365,292,0.8,0.0,
8703557,365,0,0.0,0.0,
8704438,365,41,0.11232876712328767,0.0,
8704931,365,195,0.5342465753424658,0.0,
8704964,365,0,0.0,0.0,
8714974,365,0,0.0,0.0,
8715320,365,181,0.4958904109589041,0.0,
8717068,365,365,1.0,0.0,
8717758,365,7,0.019178082191780823,0.0,
8718936,365,5,0.0136986301369863,0.0,
8722230,365,34,0.09315068493150686,0.0,
8723086,365,164,0.44931506849315067,0.0,
8724134,365,0,0.0,0.0,
8734809,365,237,0.6493150684931507,0.0,
8735996,365,300,0.821917808219178,0.0,
8737284,365,145,0.3972602739726027,0.0,
8741711,365,359,0.9835616438356164,0.0,
8742753,365,0,0.0,0.0,
8743202,365,280,0.7671232876712328,0.0,
8754180,365,289,0.7917808219178082,0.0,
8755479,365,5,0.0136986301369863,0.0,
8755762,365,35,0.0958904109589041,0.0,
8759443,365,356,0.9753424657534246,0.0,
8764748,365,5,0.0136986301369863,0.0,
8765219,365,5,0.0136986301369863,0.0,
8766231,365,245,0.6712328767123288,0.0,
8774504,365,21,0.057534246575342465,0.0,
8779676,365,10,0.0273972602739726,0.0,
8780704,365,19,0.052054794520547946,0.0,
8782852,365,330,0.9041095890410958,0.0,
8783900,365,259,0.7095890410958904,0.0,
8784239,365,0,0.0,0.0,
8785768,365,34,0.09315068493150686,0.0,
8799162,365,276,0.7561643835616438,0.0,
8799588,365,4,0.010958904109589041,0.0,
8799909,365,304,0.8328767123287671,0.0,
8805211,365,220,0.6027397260273972,0.0,
8811781,365,15,0.0410958904109589,0.0,
8811945,365,365,1.0,0.0,
8812578,365,118,0.3232876712328767,0.0,
8814555,365,304,0.8328767123287671,0.0,
8814802,365,0,0.0,0.0,
8815061,365,220,0.6027397260273972,0.0,
8815638,365,229,0.6273972602739726,0.0,
8817033,365,288,0.7890410958904109,0.0,
8817038,365,251,0.6876712328767123,0.0,
8820414,365,118,0.3232876712328767,0.0,
8828781,365,282,0.7726027397260274,0.0,
8829089,365,0,0.0,0.0,
8829156,365,283,0.7753424657534247,0.0,
8829472,365,134,0.36712328767123287,0.0,
8829474,365,108,0.2958904109589041,0.0,
8831088,365,306,0.8383561643835616,0.0,
8842808,365,0,0.0,0.0,
8843162,365,89,0.24383561643835616,0.0,
8845144,365,0,0.0,0.0,
8845310,365,62,0.16986301369863013,0.0,
8847108,365,21,0.057534246575342465,0.0,
8847951,365,249,0.6821917808219178,0.0,
8847979,365,293,0.8027397260273973,0.0,
8848403,365,0,0.0,0.0,
8848854,365,298,0.8164383561643835,0.0,
8849095,365,320,0.8767123287671232,0.0,
8849407,365,0,0.0,0.0,
8849596,365,307,0.8410958904109589,0.0,
8859380,365,9,0.024657534246575342,0.0,
8863714,365,327,0.8958904109589041,0.0,
8865006,365,288,0.7890410958904109,0.0,
8866331,365,28,0.07671232876712329,0.0,
8866927,365,32,0.08767123287671233,0.0,
8866960,365,303,0.8301369863013699,0.0,
8868025,365,0,0.0,0.0,
8868833,365,197,0.5397260273972603,0.0,
8869027,365,95,0.2602739726027397,0.0,
8869680,365,50,0.136986301369863,0.0,
8870139,365,29,0.07945205479452055,0.0,
8882345,365,78,0.2136986301369863,0.0,
8884826,365,16,0.043835616438356165,0.0,
8886847,365,0,0.0,0.0,
8889257,365,28,0.07671232876712329,0.0,
8890682,365,12,0.03287671232876712,0.0,
8891577,365,153,0.4191780821917808,0.0,
8901863,365,0,0.0,0.0,
8902327,365,92,0.25205479452054796,0.0,
8902887,365,97,0.26575342465753427,0.0,
8904748,365,185,0.5068493150684932,0.0,
8904766,365,309,0.8465753424657534,0.0,
8907548,365,0,0.0,0.0,
8919070,365,2,0.005479452054794521,0.0,
8919372,365,198,0.5424657534246575,0.0,
8921924,365,76,0.20821917808219179,0.0,
8922153,365,310,0.8493150684931506,0.0,
8922554,365,356,0.9753424657534246,0.0,
8923774,365,114,0.31232876712328766,0.0,
8924032,365,303,0.8301369863013699,0.0,
8925878,365,14,0.038356164383561646,0.0,
8926060,365,15,0.0410958904109589,0.0,
8926188,365,6,0.01643835616438356,0.0,
8934054,365,8,0.021917808219178082,0.0,
8939306,365,7,0.019178082191780823,0.0,
8939433,365,31,0.08493150684931507,0.0,
8939503,365,34,0.09315068493150686,0.0,
8939595,365,9,0.024657534246575342,0.0,
8939687,365,27,0.07397260273972603,0.0,
8939736,365,41,0.11232876712328767,0.0,
8941768,365,17,0.04657534246575343,0.0,
8942678,365,312,0.8547945205479452,0.0,
8943380,365,2,0.005479452054794521,0.0,
8943821,365,312,0.8547945205479452,0.0,
8952253,365,306,0.8383561643835616,0.0,
8953255,365,57,0.15616438356164383,0.0,
8953857,365,88,0.2410958904109589,0.0,
8955477,365,332,0.9095890410958904,0.0,
8956628,365,315,0.863013698630137,0.0,
8956631,365,273,0.7479452054794521,0.0,
8957312,365,1,0.0027397260273972603,0.0,
8958290,365,217,0.5945205479452055,0.0,
8967776,365,313,0.8575342465753425,0.0,
8968494,365,313,0.8575342465753425,0.0,
8968925,365,0,0.0,0.0,
8969737,365,313,0.8575342465753425,0.0,
8976178,365,3,0.00821917808219178,0.0,
8984454,365,314,0.8602739726027397,0.0,
8988178,365,296,0.810958904109589,0.0,
8988281,365,317,0.8684931506849315,0.0,
8989807,365,338,0.9260273972602739,0.0,
8995844,365,319,0.873972602739726,0.0,
9011350,365,51,0.13972602739726028,0.0,
9012948,365,293,0.8027397260273973,0.0,
9013210,365,6,0.01643835616438356,0.0,
9013441,365,156,0.4273972602739726,0.0,
9014572,365,0,0.0,0.0,
9015088,365,99,0.27123287671232876,0.0,
9016362,365,3,0.00821917808219178,0.0,
9023202,365,316,0.8657534246575342,0.0,
9024838,365,217,0.5945205479452055,0.0,
9025039,365,316,0.8657534246575342,0.0,
9028315,365,0,0.0,0.0,
9028447,365,0,0.0,0.0,
9030406,365,18,0.049315068493150684,0.0,
9030929,365,327,0.8958904109589041,0.0,
9031119,365,225,0.6164383561643836,0.0,
9033154,365,317,0.8684931506849315,0.0,
9034515,365,198,0.5424657534246575,0.0,
9048029,365,0,0.0,0.0,
9048584,365,0,0.0,0.0,
9050781,365,203,0.5561643835616439,0.0,
9061048,365,241,0.6602739726027397,0.0,
9061439,365,304,0.8328767123287671,0.0,
9061868,365,226,0.6191780821917808,0.0,
9063355,365,276,0.7561643835616438,0.0,
9067268,365,304,0.8328767123287671,0.0,
9068366,365,319,0.873972602739726,0.0,
9068419,365,33,0.09041095890410959,0.0,
9074837,365,118,0.3232876712328767,0.0,
9075558,365,310,0.8493150684931506,0.0,
9075656,365,10,0.0273972602739726,0.0,
9076287,365,0,0.0,0.0,
9078843,365,0,0.0,0.0,
9089308,365,9,0.024657534246575342,0.0,
9091301,365,149,0.40821917808219177,0.0,
9094366,365,320,0.8767123287671232,0.0,
9094836,365,0,0.0,0.0,
9094872,365,0,0.0,0.0,
9095510,365,0,0.0,0.0,
9095668,365,365,1.0,0.0,
9096972,365,299,0.8191780821917808,0.0,
9097503,365,74,0.20273972602739726,0.0,
9097754,365,276,0.7561643835616438,0.0,
9098059,365,348,0.9534246575342465,0.0,
9098494,365,359,0.9835616438356164,0.0,
9109293,365,186,0.5095890410958904,0.0,
9110410,365,88,0.2410958904109589,0.0,
9110560,365,278,0.7616438356164383,0.0,
9110730,365,291,0.7972602739726027,0.0,
9116815,365,28,0.07671232876712329,0.0,
9117301,365,304,0.8328767123287671,0.0,
9117633,365,328,0.8986301369863013,0.0,
9118240,365,34,0.09315068493150686,0.0,
9133711,365,14,0.038356164383561646,0.0,
9134193,365,322,0.8821917808219178,0.0,
9134196,365,202,0.5534246575342465,0.0,
9136499,365,323,0.8849315068493151,0.0,
9137075,365,9,0.024657534246575342,0.0,
9137259,365,12,0.03287671232876712,0.0,
9137335,365,9,0.024657534246575342,0.0,
9137398,365,10,0.0273972602739726,0.0,
9137469,365,9,0.024657534246575342,0.0,
9137487,365,323,0.8849315068493151,0.0,
9137899,365,317,0.8684931506849315,0.0,
9138392,365,320,0.8767123287671232,0.0,
9138600,365,14,0.038356164383561646,0.0,
9138923,365,13,0.03561643835616438,0.0,
9149612,365,363,0.9945205479452055,0.0,
9151374,365,33,0.09041095890410959,0.0,
9151865,365,299,0.8191780821917808,0.0,
9153365,365,186,0.5095890410958904,0.0,
9154294,365,14,0.038356164383561646,0.0,
9154462,365,345,0.9452054794520548,0.0,
9155422,365,0,0.0,0.0,
9156273,365,0,0.0,0.0,
9157232,365,0,0.0,0.0,
9158383,365,324,0.8876712328767123,0.0,
9159975,365,0,0.0,0.0,
9167786,365,2,0.005479452054794521,0.0,
9168049,365,14,0.038356164383561646,0.0,
9169270,365,287,0.7863013698630137,0.0,
9170870,365,276,0.7561643835616438,0.0,
9171373,365,345,0.9452054794520548,0.0,
9174327,365,301,0.8246575342465754,0.0,
9174507,365,0,0.0,0.0,
9183380,365,228,0.6246575342465753,0.0,
9183838,365,308,0.8438356164383561,0.0,
9186256,365,0,0.0,0.0,
9186481,365,217,0.5945205479452055,0.0,
9186681,365,300,0.821917808219178,0.0,
9189391,365,0,0.0,0.0,
9196007,365,351,0.9616438356164384,0.0,
9199082,365,326,0.8931506849315068,0.0,
9199982,365,188,0.5150684931506849,0.0,
9201292,365,219,0.6,0.0,
9202380,365,7,0.019178082191780823,0.0,
9210978,365,328,0.8986301369863013,0.0,
9215782,365,362,0.9917808219178083,0.0,
9216874,365,317,0.8684931506849315,0.0,
9217030,365,2,0.005479452054794521,0.0,
9217150,365,44,0.12054794520547946,0.0,
9217337,365,1,0.0027397260273972603,0.0,
9217446,365,306,0.8383561643835616,0.0,
9218403,365,5,0.0136986301369863,0.0,
9219567,365,50,0.136986301369863,0.0,
9220485,365,306,0.8383561643835616,0.0,
9229043,365,1,0.0027397260273972603,0.0,
9233533,365,5,0.0136986301369863,0.0,
9236814,365,318,0.8712328767123287,0.0,
9236961,365,350,0.958904109589041,0.0,
9237535,365,3,0.00821917808219178,0.0,
9238818,365,0,0.0,0.0,
9240289,365,329,0.9013698630136986,0.0,
9241055,365,330,0.9041095890410958,0.0,
9252998,365,327,0.8958904109589041,0.0,
9254900,365,336,0.9205479452054794,0.0,
9256702,365,24,0.06575342465753424,0.0,
9258305,365,186,0.5095890410958904,0.0,
9258513,365,29,0.07945205479452055,0.0,
9258687,365,331,0.9068493150684932,0.0,
9262389,365,328,0.8986301369863013,0.0,
9263252,365,7,0.019178082191780823,0.0,
9280767,365,9,0.024657534246575342,0.0,
9281758,365,0,0.0,0.0,
9282348,365,331,0.9068493150684932,0.0,
9282409,365,118,0.3232876712328767,0.0,
9288840,365,331,0.9068493150684932,0.0,
9292039,365,0,0.0,0.0,
9294683,365,288,0.7890410958904109,0.0,
9294832,365,14,0.038356164383561646,0.0,
9296887,365,118,0.3232876712328767,0.0,
9298045,365,137,0.37534246575342467,0.0,
9299824,365,41,0.11232876712328767,0.0,
9300972,365,332,0.9095890410958904,0.0,
9303530,365,0,0.0,0.0,
9304465,365,346,0.947945205479452,0.0,
9311687,365,34,0.09315068493150686,0.0,
9313974,365,280,0.7671232876712328,0.0,
9314106,365,327,0.8958904109589041,0.0,
9316009,365,333,0.9123287671232877,0.0,
9316399,365,276,0.7561643835616438,0.0,
9317101,365,34,0.09315068493150686,0.0,
9318440,365,37,0.10136986301369863,0.0,
9318524,365,240,0.6575342465753424,0.0,
9318853,365,333,0.9123287671232877,0.0,
9319891,365,87,0.23835616438356164,0.0,
9327585,365,31,0.08493150684931507,0.0,
9328278,365,294,0.8054794520547945,0.0,
9328692,365,232,0.6356164383561644,0.0,
9329068,365,313,0.8575342465753425,0.0,
9330174,365,351,0.9616438356164384,0.0,
9331145,365,333,0.9123287671232877,0.0,
9331449,365,39,0.10684931506849316,0.0,
9332620,365,272,0.7452054794520548,0.0,
9342299,365,0,0.0,0.0,
9345786,365,0,0.0,0.0,
9347157,365,20,0.0547945205479452,0.0,
9348375,365,335,0.9178082191780822,0.0,
9351911,365,0,0.0,0.0,
9352620,365,179,0.4904109589041096,0.0,
9352778,365,76,0.20821917808219179,0.0,
9362082,365,322,0.8821917808219178,0.0,
9364220,365,3,0.00821917808219178,0.0,
9364302,365,365,1.0,0.0,
9367465,365,65,0.1780821917808219,0.0,
9368342,365,153,0.4191780821917808,0.0,
9368517,365,335,0.9178082191780822,0.0,
9368573,365,3,0.00821917808219178,0.0,
9368677,365,279,0.7643835616438356,0.0,
9368950,365,0,0.0,0.0,
9369481,365,0,0.0,0.0,
9370007,365,56,0.15342465753424658,0.0,
9370738,365,101,0.27671232876712326,0.0,
9370866,365,115,0.3150684931506849,0.0,
9371895,365,363,0.9945205479452055,0.0,
9373607,365,286,0.7835616438356164,0.0,
9374358,365,32,0.08767123287671233,0.0,
9374365,365,39,0.10684931506849316,0.0,
9386179,365,30,0.0821917808219178,0.0,
9386509,365,23,0.06301369863013699,0.0,
9387189,365,253,0.6931506849315069,0.0,
9389755,365,302,0.8273972602739726,0.0,
9394485,365,215,0.589041095890411,0.0,
9394508,365,13,0.03561643835616438,0.0,
9395217,365,56,0.15342465753424658,0.0,
9407255,365,199,0.5452054794520548,0.0,
9407989,365,337,0.9232876712328767,0.0,
9408991,365,337,0.9232876712328767,0.0,
9409233,365,0,0.0,0.0,
9410043,365,356,0.9753424657534246,0.0,
9410128,365,337,0.9232876712328767,0.0,
9410302,365,0,0.0,0.0,
9411935,365,54,0.14794520547945206,0.0,
9414303,365,335,0.9178082191780822,0.0,
9415562,365,0,0.0,0.0,
9416373,365,0,0.0,0.0,
9416551,365,25,0.0684931506849315,0.0,
9426058,365,339,0.9287671232876712,0.0,
9429399,365,7,0.019178082191780823,0.0,
9432322,365,336,0.9205479452054794,0.0,
9432497,365,283,0.7753424657534247,0.0,
9435279,365,0,0.0,0.0,
9435483,365,0,0.0,0.0,
9436832,365,291,0.7972602739726027,0.0,
9444769,365,41,0.11232876712328767,0.0,
9448215,365,0,0.0,0.0,
9448719,365,0,0.0,0.0,
9449062,365,350,0.958904109589041,0.0,
9449437,365,133,0.3643835616438356,0.0,
9457328,365,19,0.052054794520547946,0.0,
9460991,365,0,0.0,0.0,
9462315,365,0,0.0,0.0,
9463491,365,0,0.0,0.0,
9463729,365,1,0.0027397260273972603,0.0,
9465815,365,320,0.8767123287671232,0.0,
9473312,365,305,0.8356164383561644,0.0,
9473967,365,17,0.04657534246575343,0.0,
9474025,365,0,0.0,0.0,
9475641,365,286,0.7835616438356164,0.0,
9476826,365,0,0.0,0.0,
9477204,365,342,0.936986301369863,0.0,
9477539,365,28,0.07671232876712329,0.0,
9480029,365,0,0.0,0.0,
9484823,365,0,0.0,0.0,
9489310,365,0,0.0,0.0,
9490093,365,276,0.7561643835616438,0.0,
9492036,365,343,0.9397260273972603,0.0,
9492873,365,17,0.04657534246575343,0.0,
9494415,365,95,0.2602739726027397,0.0,
9494623,365,88,0.2410958904109589,0.0,
9494946,365,28,0.07671232876712329,0.0,
9496612,365,343,0.9397260273972603,0.0,
9497431,365,230,0.6301369863013698,0.0,
9505340,365,97,0.26575342465753427,0.0,
9506766,365,8,0.021917808219178082,0.0,
9507115,365,13,0.03561643835616438,0.0,
9508386,365,11,0.030136986301369864,0.0,
9508837,365,27,0.07397260273972603,0.0,
9509279,365,3,0.00821917808219178,0.0,
9509695,365,343,0.9397260273972603,0.0,
9511676,365,267,0.7315068493150685,0.0,
9511777,365,357,0.9780821917808219,0.0,
9512909,365,145,0.3972602739726027,0.0,
9513636,365,1,0.0027397260273972603,0.0,
9516114,365,344,0.9424657534246575,0.0,
9516608,365,328,0.8986301369863013,0.0,
9516743,365,344,0.9424657534246575,0.0,
9519968,365,52,0.14246575342465753,0.0,
9521903,365,57,0.15616438356164383,0.0,
9522082,365,12,0.03287671232876712,0.0,
9530788,365,300,0.821917808219178,0.0,
9530877,365,222,0.6082191780821918,0.0,
9531265,365,0,0.0,0.0,
9532861,365,338,0.9260273972602739,0.0,
9532957,365,345,0.9452054794520548,0.0,
9533648,365,53,0.14520547945205478,0.0,
9533803,365,350,0.958904109589041,0.0,
9545281,365,345,0.9452054794520548,0.0,
9545664,365,0,0.0,0.0,
9545766,365,0,0.0,0.0,
9546508,365,55,0.1506849315068493,0.0,
9546633,365,27,0.07397260273972603,0.0,
9550869,365,11,0.030136986301369864,0.0,
9558353,365,308,0.8438356164383561,0.0,
9562586,365,365,1.0,0.0,
9563458,365,118,0.3232876712328767,0.0,
9563749,365,299,0.8191780821917808,0.0,
9564093,365,200,0.547945205479452,0.0,
9568491,365,9,0.024657534246575342,0.0,
9573675,365,0,0.0,0.0,
9574602,365,0,0.0,0.0,
9576550,365,347,0.9506849315068493,0.0,
9577993,365,348,0.9534246575342465,0.0,
9580021,365,37,0.10136986301369863,0.0,
9580209,365,0,0.0,0.0,
9587410,365,4,0.010958904109589041,0.0,
9591718,365,0,0.0,0.0,
9591787,365,4,0.010958904109589041,0.0,
9595087,365,57,0.15616438356164383,0.0,
9597415,365,349,0.9561643835616438,0.0,
9597947,365,0,0.0,0.0,
9600159,365,349,0.9561643835616438,0.0,
9604740,365,186,0.5095890410958904,0.0,
9609152,365,1,0.0027397260273972603,0.0,
9611409,365,277,0.7589041095890411,0.0,
9612147,365,306,0.8383561643835616,0.0,
9615941,365,10,0.0273972602739726,0.0,
9617068,365,0,0.0,0.0,
9618016,365,350,0.958904109589041,0.0,
9619737,365,28,0.07671232876712329,0.0,
9628972,365,292,0.8,0.0,
9632775,365,28,0.07671232876712329,0.0,
9634448,365,7,0.019178082191780823,0.0,
9635943,365,0,0.0,0.0,
9636238,365,361,0.989041095890411,0.0,
9636248,365,6,0.01643835616438356,0.0,
9636952,365,0,0.0,0.0,
9651755,365,36,0.09863013698630137,0.0,
9652574,365,319,0.873972602739726,0.0,
9663221,365,0,0.0,0.0,
9664395,365,349,0.9561643835616438,0.0,
9666446,365,11,0.030136986301369864,0.0,
9675736,365,215,0.589041095890411,0.0,
9679300,365,3,0.00821917808219178,0.0,
9679301,365,196,0.536986301369863,0.0,
9679741,365,307,0.8410958904109589,0.0,
9685856,365,0,0.0,0.0,
9693230,365,342,0.936986301369863,0.0,
9693971,365,0,0.0,0.0,
9694921,365,318,0.8712328767123287,0.0,
9695233,365,0,0.0,0.0,
9696286,365,333,0.9123287671232877,0.0,
9696532,365,186,0.5095890410958904,0.0,
9696912,365,276,0.7561643835616438,0.0,
9696950,365,0,0.0,0.0,
9698202,365,37,0.10136986301369863,0.0,
9699490,365,365,1.0,0.0,
9706229,365,11,0.030136986301369864,0.0,
9710851,365,62,0.16986301369863013,0.0,
9711153,365,255,0.6986301369863014,0.0,
9712348,365,168,0.4602739726027397,0.0,
9712716,365,0,0.0,0.0,
9714078,365,364,0.9972602739726028,0.0,
9715029,365,67,0.18356164383561643,0.0,
9716348,365,356,0.9753424657534246,0.0,
9717757,365,187,0.5123287671232877,0.0,
9727246,365,1,0.0027397260273972603,0.0,
9727857,365,309,0.8465753424657534,0.0,
9732638,365,57,0.15616438356164383,0.0,
9733835,365,338,0.9260273972602739,0.0,
9733841,365,41,0.11232876712328767,0.0,
9736801,365,0,0.0,0.0,
9736940,365,87,0.23835616438356164,0.0,
9738522,365,7,0.019178082191780823,0.0,
9739482,365,3,0.00821917808219178,0.0,
9757138,365,338,0.9260273972602739,0.0,
9768655,365,5,0.0136986301369863,0.0,
9774404,365,358,0.9808219178082191,0.0,
9781881,365,119,0.32602739726027397,0.0,
9796540,365,39,0.10684931506849316,0.0,
9797000,365,276,0.7561643835616438,0.0,
9797545,365,55,0.1506849315068493,0.0,
9812439,365,288,0.7890410958904109,0.0,
9813231,365,0,0.0,0.0,
9813684,365,0,0.0,0.0,
9814376,365,0,0.0,0.0,
9820818,365,292,0.8,0.0,
9822759,365,361,0.989041095890411,0.0,
9822848,365,360,0.9863013698630136,0.0,
9823290,365,1,0.0027397260273972603,0.0,
9835920,365,7,0.019178082191780823,0.0,
9836113,365,44,0.12054794520547946,0.0,
9843421,365,363,0.9945205479452055,0.0,
9846066,365,15,0.0410958904109589,0.0,
9849122,365,53,0.14520547945205478,0.0,
9858690,365,0,0.0,0.0,
9863312,365,0,0.0,0.0,
9863457,365,0,0.0,0.0,
9863484,365,304,0.8328767123287671,0.0,
9863565,365,0,0.0,0.0,
9865846,365,1,0.0027397260273972603,0.0,
9866461,365,308,0.8438356164383561,0.0,
9866909,365,5,0.0136986301369863,0.0,
9866984,365,77,0.21095890410958903,0.0,
9868607,365,364,0.9972602739726028,0.0,
9878971,365,340,0.9315068493150684,0.0,
9880665,365,1,0.0027397260273972603,0.0,
9883943,365,15,0.0410958904109589,0.0,
9885225,365,239,0.6547945205479452,0.0,
9886971,365,131,0.3589041095890411,0.0,
9887142,365,295,0.8082191780821918,0.0,
9888395,365,361,0.989041095890411,0.0,
9900303,365,365,1.0,0.0,
9900319,365,360,0.9863013698630136,0.0,
9901852,365,294,0.8054794520547945,0.0,
9907337,365,0,0.0,0.0,
9908591,365,261,0.7150684931506849,0.0,
9908825,365,56,0.15342465753424658,0.0,
9909445,365,283,0.7753424657534247,0.0,
9910025,365,21,0.057534246575342465,0.0,
9910189,365,365,1.0,0.0,
9920856,365,0,0.0,0.0,
9921445,365,0,0.0,0.0,
9922140,365,306,0.8383561643835616,0.0,
9922335,365,3,0.00821917808219178,0.0,
9924107,365,4,0.010958904109589041,0.0,
9925458,365,0,0.0,0.0,
9929059,365,260,0.7123287671232876,0.0,
9938792,365,18,0.049315068493150684,0.0,
9939025,365,365,1.0,0.0,
9939038,365,285,0.7808219178082192,0.0,
9939359,365,365,1.0,0.0,
9939740,365,284,0.7780821917808219,0.0,
9957555,365,282,0.7726027397260274,0.0,
9961388,365,338,0.9260273972602739,0.0,
9961538,365,314,0.8602739726027397,0.0,
9970609,365,0,0.0,0.0,
9970805,365,0,0.0,0.0,
9974658,365,306,0.8383561643835616,0.0,
9975073,365,365,1.0,0.0,
9976135,365,355,0.9726027397260274,0.0,
9979329,365,0,0.0,0.0,
9994758,365,283,0.7753424657534247,0.0,
9995551,365,5,0.0136986301369863,0.0,
9999759,365,304,0.8328767123287671,0.0,
9999955,365,15,0.0410958904109589,0.0,
10000273,365,19,0.052054794520547946,0.0,
10012724,365,318,0.8712328767123287,0.0,
10015967,365,365,1.0,0.0,
10019082,365,276,0.7561643835616438,0.0,
10020221,365,30,0.0821917808219178,0.0,
10020782,365,365,1.0,0.0,
10022421,365,276,0.7561643835616438,0.0,
10023353,365,142,0.38904109589041097,0.0,
10026648,365,352,0.9643835616438357,0.0,
10031055,365,283,0.7753424657534247,0.0,
10035274,365,365,1.0,0.0,
10035644,365,87,0.23835616438356164,0.0,
10036903,365,254,0.6958904109589041,0.0,
10043487,365,0,0.0,0.0,
10060388,365,307,0.8410958904109589,0.0,
10060674,365,362,0.9917808219178083,0.0,
10068879,365,0,0.0,0.0,
10076279,365,354,0.9698630136986301,0.0,
10077121,365,8,0.021917808219178082,0.0,
10104370,365,360,0.9863013698630136,0.0,
10106055,365,0,0.0,0.0,
10108451,365,357,0.9780821917808219,0.0,
10118341,365,363,0.9945205479452055,0.0,
10121329,365,1,0.0027397260273972603,0.0,
10122924,365,0,0.0,0.0,
10123910,365,0,0.0,0.0,
10124808,365,26,0.07123287671232877,0.0,
10125020,365,8,0.021917808219178082,0.0,
10126050,365,337,0.9232876712328767,0.0,
10126199,365,277,0.7589041095890411,0.0,
10132385,365,17,0.04657534246575343,0.0,
10135378,365,352,0.9643835616438357,0.0,
10135468,365,27,0.07397260273972603,0.0,
10136155,365,320,0.8767123287671232,0.0,
10139271,365,9,0.024657534246575342,0.0,
10140582,365,349,0.9561643835616438,0.0,
10141859,365,0,0.0,0.0,
10156116,365,0,0.0,0.0,
10157690,365,289,0.7917808219178082,0.0,
10157880,365,299,0.8191780821917808,0.0,
10170577,365,0,0.0,0.0,
10170744,365,1,0.0027397260273972603,0.0,
10183490,365,0,0.0,0.0,
10188794,365,331,0.9068493150684932,0.0,
10191917,365,328,0.8986301369863013,0.0,
10192213,365,0,0.0,0.0,
10204689,365,343,0.9397260273972603,0.0,
10205366,365,239,0.6547945205479452,0.0,
10208623,365,358,0.9808219178082191,0.0,
10210625,365,364,0.9972602739726028,0.0,
10210971,365,2,0.005479452054794521,0.0,
10211609,365,6,0.01643835616438356,0.0,
10211716,365,1,0.0027397260273972603,0.0,
10211928,365,0,0.0,0.0,
10229434,365,3,0.00821917808219178,0.0,
10231701,365,189,0.5178082191780822,0.0,
10234558,365,10,0.0273972602739726,0.0,
10235014,365,362,0.9917808219178083,0.0,
10235136,365,364,0.9972602739726028,0.0,
10247453,365,3,0.00821917808219178,0.0,
10248139,365,331,0.9068493150684932,0.0,
10249527,365,358,0.9808219178082191,0.0,
10250735,365,361,0.989041095890411,0.0,
10252110,365,346,0.947945205479452,0.0,
10262971,365,0,0.0,0.0,
10265391,365,3,0.00821917808219178,0.0,
10267360,365,277,0.7589041095890411,0.0,
10272763,365,0,0.0,0.0,
10273158,365,13,0.03561643835616438,0.0,
10274175,365,20,0.0547945205479452,0.0,
10279830,365,28,0.07671232876712329,0.0,
10281965,365,9,0.024657534246575342,0.0,
10292753,365,213,0.5835616438356165,0.0,
10295151,365,8,0.021917808219178082,0.0,
10299108,365,300,0.821917808219178,0.0,
10299195,365,351,0.9616438356164384,0.0,
10309898,365,0,0.0,0.0,
10310373,365,14,0.038356164383561646,0.0,
10318171,365,1,0.0027397260273972603,0.0,
10319529,365,364,0.9972602739726028,0.0,
10331249,365,11,0.030136986301369864,0.0,
10332096,365,0,0.0,0.0,
10334184,365,4,0.010958904109589041,0.0,
10339144,365,365,1.0,0.0,
10339145,365,0,0.0,0.0,
10340165,365,7,0.019178082191780823,0.0,
