level,setting,identifier,record_count,even_share,vs_even
physical_partition,2,0,684375,696785.0,0.982
physical_partition,2,1,709195,696785.0,1.018
physical_partition,4,0,336530,348392.5,0.966
physical_partition,4,1,342735,348392.5,0.984
physical_partition,4,2,347845,348392.5,0.998
physical_partition,4,3,366460,348392.5,1.052
physical_partition,8,0,165710,174196.2,0.951
physical_partition,8,1,167535,174196.2,0.962
physical_partition,8,2,174105,174196.2,0.999
physical_partition,8,3,187245,174196.2,1.075
physical_partition,8,4,170820,174196.2,0.981
physical_partition,8,5,175200,174196.2,1.006
physical_partition,8,6,173740,174196.2,0.997
physical_partition,8,7,179215,174196.2,1.029
partition_key,listing_id,241032,365,365.0,1.0
partition_key,listing_id,953595,365,365.0,1.0
partition_key,listing_id,3308979,365,365.0,1.0
partition_key,listing_id,7421966,365,365.0,1.0
partition_key,listing_id,278830,365,365.0,1.0
partition_key,listing_id,5956968,365,365.0,1.0
partition_key,listing_id,1909058,365,365.0,1.0
partition_key,listing_id,856550,365,365.0,1.0
partition_key,listing_id,4948745,365,365.0,1.0
partition_key,listing_id,2493658,365,365.0,1.0
partition_key,listing_id,175576,365,365.0,1.0
partition_key,listing_id,4454295,365,365.0,1.0
partition_key,listing_id,3883392,365,365.0,1.0
partition_key,listing_id,8889257,365,365.0,1.0
partition_key,listing_id,5680462,365,365.0,1.0
partition_key,listing_id,8988178,365,365.0,1.0
partition_key,listing_id,3245876,365,365.0,1.0
partition_key,listing_id,4933447,365,365.0,1.0
partition_key,listing_id,7735464,365,365.0,1.0
partition_key,listing_id,6291829,365,365.0,1.0
partition_key,listing_id,9218403,365,365.0,1.0
partition_key,listing_id,4125779,365,365.0,1.0
partition_key,listing_id,8942678,365,365.0,1.0
partition_key,listing_id,10106055,365,365.0,1.0
partition_key,listing_id,6362362,365,365.0,1.0
partition_key,listing_id,3544550,365,365.0,1.0
partition_key,listing_id,9025039,365,365.0,1.0
partition_key,listing_id,3200646,365,365.0,1.0
partition_key,listing_id,8859380,365,365.0,1.0
partition_key,listing_id,4520099,365,365.0,1.0
partition_key,listing_id,2481869,365,365.0,1.0
partition_key,listing_id,1110749,365,365.0,1.0
partition_key,listing_id,5978498,365,365.0,1.0
partition_key,listing_id,5021081,365,365.0,1.0
partition_key,listing_id,1686930,365,365.0,1.0
partition_key,listing_id,7680289,365,365.0,1.0
partition_key,listing_id,7207641,365,365.0,1.0
partition_key,listing_id,5062445,365,365.0,1.0
partition_key,listing_id,8925878,365,365.0,1.0
partition_key,listing_id,6389657,365,365.0,1.0
partition_key,listing_id,4218733,365,365.0,1.0
partition_key,listing_id,2715623,365,365.0,1.0
partition_key,listing_id,1392332,365,365.0,1.0
partition_key,listing_id,7308567,365,365.0,1.0
partition_key,listing_id,6575380,365,365.0,1.0
partition_key,listing_id,6004058,365,365.0,1.0
partition_key,listing_id,9550869,365,365.0,1.0
partition_key,listing_id,8515408,365,365.0,1.0
partition_key,listing_id,5383192,365,365.0,1.0
partition_key,listing_id,1112092,365,365.0,1.0
partition_key,listing_id,7772661,365,365.0,1.0
partition_key,listing_id,9254900,365,365.0,1.0
partition_key,listing_id,7714294,365,365.0,1.0
partition_key,listing_id,10310373,365,365.0,1.0
partition_key,listing_id,9368342,365,365.0,1.0
partition_key,listing_id,6361863,365,365.0,1.0
partition_key,listing_id,8105221,365,365.0,1.0
partition_key,listing_id,3269390,365,365.0,1.0
partition_key,listing_id,4566393,365,365.0,1.0
partition_key,listing_id,9282409,365,365.0,1.0
partition_key,listing_id,8095168,365,365.0,1.0
partition_key,listing_id,2746782,365,365.0,1.0
partition_key,listing_id,6424982,365,365.0,1.0
partition_key,listing_id,762029,365,365.0,1.0
partition_key,listing_id,8988281,365,365.0,1.0
partition_key,listing_id,7077910,365,365.0,1.0
partition_key,listing_id,3772674,365,365.0,1.0
partition_key,listing_id,7021906,365,365.0,1.0
partition_key,listing_id,7618605,365,365.0,1.0
partition_key,listing_id,10234558,365,365.0,1.0
partition_key,listing_id,7021702,365,365.0,1.0
partition_key,listing_id,7680439,365,365.0,1.0
partition_key,listing_id,4258515,365,365.0,1.0
partition_key,listing_id,1148517,365,365.0,1.0
partition_key,listing_id,2487892,365,365.0,1.0
partition_key,listing_id,3038772,365,365.0,1.0
partition_key,listing_id,699460,365,365.0,1.0
partition_key,listing_id,4085439,365,365.0,1.0
partition_key,listing_id,8053990,365,365.0,1.0
partition_key,listing_id,7011773,365,365.0,1.0
partition_key,listing_id,2467550,365,365.0,1.0
partition_key,listing_id,2686374,365,365.0,1.0
partition_key,listing_id,1956274,365,365.0,1.0
partition_key,listing_id,8537192,365,365.0,1.0
partition_key,listing_id,5919096,365,365.0,1.0
partition_key,listing_id,6516529,365,365.0,1.0
partition_key,listing_id,3294243,365,365.0,1.0
partition_key,listing_id,10210971,365,365.0,1.0
partition_key,listing_id,3584790,365,365.0,1.0
partition_key,listing_id,1266459,365,365.0,1.0
partition_key,listing_id,9098059,365,365.0,1.0
partition_key,listing_id,408526,365,365.0,1.0
partition_key,listing_id,4118282,365,365.0,1.0
partition_key,listing_id,6813483,365,365.0,1.0
partition_key,listing_id,6590264,365,365.0,1.0
partition_key,listing_id,2650482,365,365.0,1.0
partition_key,listing_id,20927,365,365.0,1.0
partition_key,listing_id,4395578,365,365.0,1.0
partition_key,listing_id,4995903,365,365.0,1.0
partition_key,listing_id,5549211,365,365.0,1.0
partition_key,listing_id,8240758,365,365.0,1.0
partition_key,listing_id,6856295,365,365.0,1.0
partition_key,listing_id,6881188,365,365.0,1.0
partition_key,listing_id,1579615,365,365.0,1.0
partition_key,listing_id,3766866,365,365.0,1.0
partition_key,listing_id,2406966,365,365.0,1.0
partition_key,listing_id,4872699,365,365.0,1.0
partition_key,listing_id,5470629,365,365.0,1.0
partition_key,listing_id,2950213,365,365.0,1.0
partition_key,listing_id,9015088,365,365.0,1.0
partition_key,listing_id,3979496,365,365.0,1.0
partition_key,listing_id,7501919,365,365.0,1.0
partition_key,listing_id,4732995,365,365.0,1.0
partition_key,listing_id,7134759,365,365.0,1.0
partition_key,listing_id,4532538,365,365.0,1.0
partition_key,listing_id,7534398,365,365.0,1.0
partition_key,listing_id,9387189,365,365.0,1.0
partition_key,listing_id,6337492,365,365.0,1.0
partition_key,listing_id,10231701,365,365.0,1.0
partition_key,listing_id,1609922,365,365.0,1.0
partition_key,listing_id,4236723,365,365.0,1.0
partition_key,listing_id,7843837,365,365.0,1.0
partition_key,listing_id,3076065,365,365.0,1.0
partition_key,listing_id,6423204,365,365.0,1.0
partition_key,listing_id,8338849,365,365.0,1.0
partition_key,listing_id,6401209,365,365.0,1.0
partition_key,listing_id,20928,365,365.0,1.0
partition_key,listing_id,3344977,365,365.0,1.0
partition_key,listing_id,7604621,365,365.0,1.0
partition_key,listing_id,3303978,365,365.0,1.0
partition_key,listing_id,7067082,365,365.0,1.0
partition_key,listing_id,3121829,365,365.0,1.0
partition_key,listing_id,2539881,365,365.0,1.0
partition_key,listing_id,3678718,365,365.0,1.0
partition_key,listing_id,4694479,365,365.0,1.0
partition_key,listing_id,6646843,365,365.0,1.0
partition_key,listing_id,1364440,365,365.0,1.0
partition_key,listing_id,1781873,365,365.0,1.0
partition_key,listing_id,4138423,365,365.0,1.0
partition_key,listing_id,5562674,365,365.0,1.0
partition_key,listing_id,1789341,365,365.0,1.0
partition_key,listing_id,4672934,365,365.0,1.0
partition_key,listing_id,4550099,365,365.0,1.0
partition_key,listing_id,1198799,365,365.0,1.0
partition_key,listing_id,5308429,365,365.0,1.0
partition_key,listing_id,2769088,365,365.0,1.0
partition_key,listing_id,7603135,365,365.0,1.0
partition_key,listing_id,9374365,365,365.0,1.0
partition_key,listing_id,6106498,365,365.0,1.0
partition_key,listing_id,9331449,365,365.0,1.0
partition_key,listing_id,8799162,365,365.0,1.0
partition_key,listing_id,4317390,365,365.0,1.0
partition_key,listing_id,3884851,365,365.0,1.0
partition_key,listing_id,3155785,365,365.0,1.0
partition_key,listing_id,9368517,365,365.0,1.0
partition_key,listing_id,5643240,365,365.0,1.0
partition_key,listing_id,5042014,365,365.0,1.0
partition_key,listing_id,7724630,365,365.0,1.0
partition_key,listing_id,9449437,365,365.0,1.0
partition_key,listing_id,3053237,365,365.0,1.0
partition_key,listing_id,8132347,365,365.0,1.0
partition_key,listing_id,63733,365,365.0,1.0
partition_key,listing_id,2039149,365,365.0,1.0
partition_key,listing_id,227636,365,365.0,1.0
partition_key,listing_id,3689119,365,365.0,1.0
partition_key,listing_id,1179538,365,365.0,1.0
partition_key,listing_id,6823781,365,365.0,1.0
partition_key,listing_id,2284536,365,365.0,1.0
partition_key,listing_id,5143441,365,365.0,1.0
partition_key,listing_id,5749958,365,365.0,1.0
partition_key,listing_id,9116815,365,365.0,1.0
partition_key,listing_id,7731836,365,365.0,1.0
partition_key,listing_id,10262971,365,365.0,1.0
partition_key,listing_id,1407502,365,365.0,1.0
partition_key,listing_id,8817038,365,365.0,1.0
partition_key,listing_id,4449303,365,365.0,1.0
partition_key,listing_id,8255615,365,365.0,1.0
partition_key,listing_id,4053092,365,365.0,1.0
partition_key,listing_id,6886633,365,365.0,1.0
partition_key,listing_id,8820414,365,365.0,1.0
partition_key,listing_id,3052151,365,365.0,1.0
partition_key,listing_id,2339333,365,365.0,1.0
partition_key,listing_id,1618842,365,365.0,1.0
partition_key,listing_id,888967,365,365.0,1.0
partition_key,listing_id,380950,365,365.0,1.0
partition_key,listing_id,8097708,365,365.0,1.0
partition_key,listing_id,5671843,365,365.0,1.0
partition_key,listing_id,904057,365,365.0,1.0
partition_key,listing_id,7161725,365,365.0,1.0
partition_key,listing_id,9587410,365,365.0,1.0
partition_key,listing_id,9202380,365,365.0,1.0
partition_key,listing_id,2238105,365,365.0,1.0
partition_key,listing_id,9545766,365,365.0,1.0
partition_key,listing_id,2441908,365,365.0,1.0
partition_key,listing_id,9367465,365,365.0,1.0
partition_key,listing_id,3031415,365,365.0,1.0
partition_key,listing_id,843812,365,365.0,1.0
partition_key,listing_id,3835995,365,365.0,1.0
partition_key,listing_id,9732638,365,365.0,1.0
partition_key,listing_id,3768745,365,365.0,1.0
partition_key,listing_id,3975434,365,365.0,1.0
partition_key,listing_id,5620928,365,365.0,1.0
partition_key,listing_id,7381677,365,365.0,1.0
partition_key,listing_id,5487934,365,365.0,1.0
partition_key,listing_id,9028447,365,365.0,1.0
partition_key,listing_id,757840,365,365.0,1.0
partition_key,listing_id,8848403,365,365.0,1.0
partition_key,listing_id,7430926,365,365.0,1.0
partition_key,listing_id,7021544,365,365.0,1.0
partition_key,listing_id,1323446,365,365.0,1.0
partition_key,listing_id,3925573,365,365.0,1.0
partition_key,listing_id,8723086,365,365.0,1.0
partition_key,listing_id,781474,365,365.0,1.0
partition_key,listing_id,9812439,365,365.0,1.0
partition_key,listing_id,3401644,365,365.0,1.0
partition_key,listing_id,10036903,365,365.0,1.0
partition_key,listing_id,5310193,365,365.0,1.0
partition_key,listing_id,5308875,365,365.0,1.0
partition_key,listing_id,5052459,365,365.0,1.0
partition_key,listing_id,7228499,365,365.0,1.0
partition_key,listing_id,7651653,365,365.0,1.0
partition_key,listing_id,1494986,365,365.0,1.0
partition_key,listing_id,1783382,365,365.0,1.0
partition_key,listing_id,7513198,365,365.0,1.0
partition_key,listing_id,8308316,365,365.0,1.0
partition_key,listing_id,9694921,365,365.0,1.0
partition_key,listing_id,2472850,365,365.0,1.0
partition_key,listing_id,5487522,365,365.0,1.0
partition_key,listing_id,4016650,365,365.0,1.0
partition_key,listing_id,10229434,365,365.0,1.0
partition_key,listing_id,3479241,365,365.0,1.0
partition_key,listing_id,5848400,365,365.0,1.0
partition_key,listing_id,6077760,365,365.0,1.0
partition_key,listing_id,4642956,365,365.0,1.0
partition_key,listing_id,1167507,365,365.0,1.0
partition_key,listing_id,6044106,365,365.0,1.0
partition_key,listing_id,1799255,365,365.0,1.0
partition_key,listing_id,8941768,365,365.0,1.0
partition_key,listing_id,6569950,365,365.0,1.0
partition_key,listing_id,7733192,365,365.0,1.0
partition_key,listing_id,9215782,365,365.0,1.0
partition_key,listing_id,5175631,365,365.0,1.0
partition_key,listing_id,6315614,365,365.0,1.0
partition_key,listing_id,9134193,365,365.0,1.0
partition_key,listing_id,2481189,365,365.0,1.0
partition_key,listing_id,8535897,365,365.0,1.0
partition_key,listing_id,9476826,365,365.0,1.0
partition_key,listing_id,3144311,365,365.0,1.0
partition_key,listing_id,9370007,365,365.0,1.0
partition_key,listing_id,6781308,365,365.0,1.0
partition_key,listing_id,160222,365,365.0,1.0
partition_key,listing_id,4250367,365,365.0,1.0
partition_key,listing_id,8755479,365,365.0,1.0
partition_key,listing_id,8829156,365,365.0,1.0
partition_key,listing_id,5126077,365,365.0,1.0
partition_key,listing_id,6108796,365,365.0,1.0
partition_key,listing_id,2692126,365,365.0,1.0
partition_key,listing_id,6882211,365,365.0,1.0
partition_key,listing_id,9573675,365,365.0,1.0
partition_key,listing_id,3544953,365,365.0,1.0
partition_key,listing_id,2020505,365,365.0,1.0
partition_key,listing_id,5580457,365,365.0,1.0
partition_key,listing_id,1495271,365,365.0,1.0
partition_key,listing_id,8455865,365,365.0,1.0
partition_key,listing_id,9679300,365,365.0,1.0
partition_key,listing_id,6065566,365,365.0,1.0
partition_key,listing_id,4645208,365,365.0,1.0
partition_key,listing_id,6115807,365,365.0,1.0
partition_key,listing_id,7091397,365,365.0,1.0
partition_key,listing_id,6134153,365,365.0,1.0
partition_key,listing_id,7763878,365,365.0,1.0
partition_key,listing_id,8088447,365,365.0,1.0
partition_key,listing_id,3418349,365,365.0,1.0
partition_key,listing_id,9199982,365,365.0,1.0
partition_key,listing_id,6400000,365,365.0,1.0
partition_key,listing_id,6776229,365,365.0,1.0
partition_key,listing_id,7627794,365,365.0,1.0
partition_key,listing_id,8374102,365,365.0,1.0
partition_key,listing_id,6316934,365,365.0,1.0
partition_key,listing_id,1820794,365,365.0,1.0
partition_key,listing_id,314180,365,365.0,1.0
partition_key,listing_id,8670079,365,365.0,1.0
partition_key,listing_id,4868135,365,365.0,1.0
partition_key,listing_id,5336585,365,365.0,1.0
partition_key,listing_id,1427103,365,365.0,1.0
partition_key,listing_id,3518808,365,365.0,1.0
partition_key,listing_id,8995844,365,365.0,1.0
partition_key,listing_id,356566,365,365.0,1.0
partition_key,listing_id,6466388,365,365.0,1.0
partition_key,listing_id,4531944,365,365.0,1.0
partition_key,listing_id,6686072,365,365.0,1.0
partition_key,listing_id,4384343,365,365.0,1.0
partition_key,listing_id,7900056,365,365.0,1.0
partition_key,listing_id,6378563,365,365.0,1.0
partition_key,listing_id,5630783,365,365.0,1.0
partition_key,listing_id,340706,365,365.0,1.0
partition_key,listing_id,6202214,365,365.0,1.0
partition_key,listing_id,1030411,365,365.0,1.0
partition_key,listing_id,7922373,365,365.0,1.0
partition_key,listing_id,6156470,365,365.0,1.0
partition_key,listing_id,2994309,365,365.0,1.0
partition_key,listing_id,1594328,365,365.0,1.0
partition_key,listing_id,8072920,365,365.0,1.0
partition_key,listing_id,6915487,365,365.0,1.0
partition_key,listing_id,6202603,365,365.0,1.0
partition_key,listing_id,5286781,365,365.0,1.0
partition_key,listing_id,2818420,365,365.0,1.0
partition_key,listing_id,3739681,365,365.0,1.0
partition_key,listing_id,7922063,365,365.0,1.0
partition_key,listing_id,611509,365,365.0,1.0
partition_key,listing_id,1802663,365,365.0,1.0
partition_key,listing_id,9797545,365,365.0,1.0
partition_key,listing_id,9241055,365,365.0,1.0
partition_key,listing_id,9294832,365,365.0,1.0
partition_key,listing_id,8643209,365,365.0,1.0
partition_key,listing_id,7258811,365,365.0,1.0
partition_key,listing_id,10265391,365,365.0,1.0
partition_key,listing_id,132120,365,365.0,1.0
partition_key,listing_id,6343866,365,365.0,1.0
partition_key,listing_id,3066740,365,365.0,1.0
partition_key,listing_id,4130112,365,365.0,1.0
partition_key,listing_id,4026757,365,365.0,1.0
partition_key,listing_id,9545281,365,365.0,1.0
partition_key,listing_id,3294804,365,365.0,1.0
partition_key,listing_id,4122325,365,365.0,1.0
partition_key,listing_id,8308353,365,365.0,1.0
partition_key,listing_id,7226013,365,365.0,1.0
partition_key,listing_id,5761290,365,365.0,1.0
partition_key,listing_id,182716,365,365.0,1.0
partition_key,listing_id,3050140,365,365.0,1.0
partition_key,listing_id,3254956,365,365.0,1.0
partition_key,listing_id,1264287,365,365.0,1.0
partition_key,listing_id,3404557,365,365.0,1.0
partition_key,listing_id,3939683,365,365.0,1.0
partition_key,listing_id,3424242,365,365.0,1.0
partition_key,listing_id,7985714,365,365.0,1.0
partition_key,listing_id,4279876,365,365.0,1.0
partition_key,listing_id,3870253,365,365.0,1.0
partition_key,listing_id,2187563,365,365.0,1.0
partition_key,listing_id,3889299,365,365.0,1.0
partition_key,listing_id,3889330,365,365.0,1.0
partition_key,listing_id,1184846,365,365.0,1.0
partition_key,listing_id,3626162,365,365.0,1.0
partition_key,listing_id,456040,365,365.0,1.0
partition_key,listing_id,9033154,365,365.0,1.0
partition_key,listing_id,4340838,365,365.0,1.0
partition_key,listing_id,808811,365,365.0,1.0
partition_key,listing_id,7368030,365,365.0,1.0
partition_key,listing_id,522287,365,365.0,1.0
partition_key,listing_id,1940787,365,365.0,1.0
partition_key,listing_id,3732103,365,365.0,1.0
partition_key,listing_id,43373,365,365.0,1.0
partition_key,listing_id,5126365,365,365.0,1.0
partition_key,listing_id,7182584,365,365.0,1.0
partition_key,listing_id,5325214,365,365.0,1.0
partition_key,listing_id,2710274,365,365.0,1.0
partition_key,listing_id,5128160,365,365.0,1.0
partition_key,listing_id,3424114,365,365.0,1.0
partition_key,listing_id,2776890,365,365.0,1.0
partition_key,listing_id,4521755,365,365.0,1.0
partition_key,listing_id,3456599,365,365.0,1.0
partition_key,listing_id,8207848,365,365.0,1.0
partition_key,listing_id,10249527,365,365.0,1.0
partition_key,listing_id,1252740,365,365.0,1.0
partition_key,listing_id,4250938,365,365.0,1.0
partition_key,listing_id,3791920,365,365.0,1.0
partition_key,listing_id,4258762,365,365.0,1.0
partition_key,listing_id,7364146,365,365.0,1.0
partition_key,listing_id,6765045,365,365.0,1.0
partition_key,listing_id,3193738,365,365.0,1.0
partition_key,listing_id,8765219,365,365.0,1.0
partition_key,listing_id,8174285,365,365.0,1.0
partition_key,listing_id,3403638,365,365.0,1.0
partition_key,listing_id,7601333,365,365.0,1.0
partition_key,listing_id,6707735,365,365.0,1.0
partition_key,listing_id,7322718,365,365.0,1.0
partition_key,listing_id,3783162,365,365.0,1.0
partition_key,listing_id,6606,365,365.0,1.0
partition_key,listing_id,3889280,365,365.0,1.0
partition_key,listing_id,3971137,365,365.0,1.0
partition_key,listing_id,3889050,365,365.0,1.0
partition_key,listing_id,799882,365,365.0,1.0
partition_key,listing_id,9508386,365,365.0,1.0
partition_key,listing_id,6714817,365,365.0,1.0
partition_key,listing_id,3773700,365,365.0,1.0
partition_key,listing_id,3773568,365,365.0,1.0
partition_key,listing_id,9313974,365,365.0,1.0
partition_key,listing_id,6492880,365,365.0,1.0
partition_key,listing_id,4879013,365,365.0,1.0
partition_key,listing_id,3732094,365,365.0,1.0
partition_key,listing_id,873073,365,365.0,1.0
partition_key,listing_id,234898,365,365.0,1.0
partition_key,listing_id,8533375,365,365.0,1.0
partition_key,listing_id,6854019,365,365.0,1.0
partition_key,listing_id,8418650,365,365.0,1.0
partition_key,listing_id,3732076,365,365.0,1.0
partition_key,listing_id,4608592,365,365.0,1.0
partition_key,listing_id,4862719,365,365.0,1.0
partition_key,listing_id,668169,365,365.0,1.0
partition_key,listing_id,429453,365,365.0,1.0
partition_key,listing_id,10124808,365,365.0,1.0
partition_key,listing_id,7459684,365,365.0,1.0
partition_key,listing_id,5992645,365,365.0,1.0
partition_key,listing_id,7917718,365,365.0,1.0
partition_key,listing_id,2986056,365,365.0,1.0
partition_key,listing_id,2011193,365,365.0,1.0
partition_key,listing_id,3768626,365,365.0,1.0
partition_key,listing_id,2026794,365,365.0,1.0
partition_key,listing_id,9154294,365,365.0,1.0
partition_key,listing_id,430610,365,365.0,1.0
partition_key,listing_id,3231850,365,365.0,1.0
partition_key,listing_id,2976798,365,365.0,1.0
partition_key,listing_id,703058,365,365.0,1.0
partition_key,listing_id,7826541,365,365.0,1.0
partition_key,listing_id,240920,365,365.0,1.0
partition_key,listing_id,6655233,365,365.0,1.0
partition_key,listing_id,9866461,365,365.0,1.0
partition_key,listing_id,7957729,365,365.0,1.0
partition_key,listing_id,1428687,365,365.0,1.0
partition_key,listing_id,4803403,365,365.0,1.0
partition_key,listing_id,11012,365,365.0,1.0
partition_key,listing_id,3888924,365,365.0,1.0
partition_key,listing_id,8842808,365,365.0,1.0
partition_key,listing_id,1114695,365,365.0,1.0
partition_key,listing_id,1715582,365,365.0,1.0
partition_key,listing_id,6704734,365,365.0,1.0
partition_key,listing_id,8555098,365,365.0,1.0
partition_key,listing_id,1214316,365,365.0,1.0
partition_key,listing_id,7325455,365,365.0,1.0
partition_key,listing_id,6325685,365,365.0,1.0
partition_key,listing_id,9596,365,365.0,1.0
partition_key,listing_id,9568491,365,365.0,1.0
partition_key,listing_id,1747184,365,365.0,1.0
partition_key,listing_id,8653843,365,365.0,1.0
partition_key,listing_id,6727729,365,365.0,1.0
partition_key,listing_id,3888986,365,365.0,1.0
partition_key,listing_id,4135710,365,365.0,1.0
partition_key,listing_id,3652434,365,365.0,1.0
partition_key,listing_id,7667990,365,365.0,1.0
partition_key,listing_id,4047058,365,365.0,1.0
partition_key,listing_id,7163934,365,365.0,1.0
partition_key,listing_id,7717478,365,365.0,1.0
partition_key,listing_id,4653552,365,365.0,1.0
partition_key,listing_id,6915439,365,365.0,1.0
partition_key,listing_id,506542,365,365.0,1.0
partition_key,listing_id,4046863,365,365.0,1.0
partition_key,listing_id,3915826,365,365.0,1.0
partition_key,listing_id,4787415,365,365.0,1.0
partition_key,listing_id,1602488,365,365.0,1.0
partition_key,listing_id,8459215,365,365.0,1.0
partition_key,listing_id,10274175,365,365.0,1.0
partition_key,listing_id,9167786,365,365.0,1.0
partition_key,listing_id,5686435,365,365.0,1.0
partition_key,listing_id,7939058,365,365.0,1.0
partition_key,listing_id,8392801,365,365.0,1.0
partition_key,listing_id,7404370,365,365.0,1.0
partition_key,listing_id,3720511,365,365.0,1.0
partition_key,listing_id,8193332,365,365.0,1.0
partition_key,listing_id,7957904,365,365.0,1.0
partition_key,listing_id,4555997,365,365.0,1.0
partition_key,listing_id,2267088,365,365.0,1.0
partition_key,listing_id,108468,365,365.0,1.0
partition_key,listing_id,6400379,365,365.0,1.0
partition_key,listing_id,5948003,365,365.0,1.0
partition_key,listing_id,5058086,365,365.0,1.0
partition_key,listing_id,1209255,365,365.0,1.0
partition_key,listing_id,1914051,365,365.0,1.0
partition_key,listing_id,2923529,365,365.0,1.0
partition_key,listing_id,1027860,365,365.0,1.0
partition_key,listing_id,2373176,365,365.0,1.0
partition_key,listing_id,6404427,365,365.0,1.0
partition_key,listing_id,8517602,365,365.0,1.0
partition_key,listing_id,7035240,365,365.0,1.0
partition_key,listing_id,4583161,365,365.0,1.0
partition_key,listing_id,7967844,365,365.0,1.0
partition_key,listing_id,6562393,365,365.0,1.0
partition_key,listing_id,7807087,365,365.0,1.0
partition_key,listing_id,5405643,365,365.0,1.0
partition_key,listing_id,7011200,365,365.0,1.0
partition_key,listing_id,610989,365,365.0,1.0
partition_key,listing_id,7839535,365,365.0,1.0
partition_key,listing_id,4814894,365,365.0,1.0
partition_key,listing_id,186328,365,365.0,1.0
partition_key,listing_id,7492877,365,365.0,1.0
partition_key,listing_id,6576228,365,365.0,1.0
partition_key,listing_id,241016,365,365.0,1.0
partition_key,listing_id,6968101,365,365.0,1.0
partition_key,listing_id,5648564,365,365.0,1.0
partition_key,listing_id,4116645,365,365.0,1.0
partition_key,listing_id,2419879,365,365.0,1.0
partition_key,listing_id,6425735,365,365.0,1.0
partition_key,listing_id,8105351,365,365.0,1.0
partition_key,listing_id,9136499,365,365.0,1.0
partition_key,listing_id,3639023,365,365.0,1.0
partition_key,listing_id,6724599,365,365.0,1.0
partition_key,listing_id,4211629,365,365.0,1.0
partition_key,listing_id,7151924,365,365.0,1.0
partition_key,listing_id,704764,365,365.0,1.0
partition_key,listing_id,1796217,365,365.0,1.0
partition_key,listing_id,4661812,365,365.0,1.0
partition_key,listing_id,8811945,365,365.0,1.0
partition_key,listing_id,1090307,365,365.0,1.0
partition_key,listing_id,15108,365,365.0,1.0
partition_key,listing_id,1882316,365,365.0,1.0
partition_key,listing_id,1095207,365,365.0,1.0
partition_key,listing_id,1343805,365,365.0,1.0
partition_key,listing_id,9217150,365,365.0,1.0
partition_key,listing_id,103920,365,365.0,1.0
partition_key,listing_id,2215336,365,365.0,1.0
partition_key,listing_id,1483944,365,365.0,1.0
partition_key,listing_id,6466129,365,365.0,1.0
partition_key,listing_id,8536441,365,365.0,1.0
partition_key,listing_id,6262987,365,365.0,1.0
partition_key,listing_id,8379081,365,365.0,1.0
partition_key,listing_id,8365938,365,365.0,1.0
partition_key,listing_id,9921445,365,365.0,1.0
partition_key,listing_id,132160,365,365.0,1.0
partition_key,listing_id,2033191,365,365.0,1.0
partition_key,listing_id,8849407,365,365.0,1.0
partition_key,listing_id,9922335,365,365.0,1.0
partition_key,listing_id,7243974,365,365.0,1.0
partition_key,listing_id,6490453,365,365.0,1.0
partition_key,listing_id,4025593,365,365.0,1.0
partition_key,listing_id,8556103,365,365.0,1.0
partition_key,listing_id,955506,365,365.0,1.0
partition_key,listing_id,9868607,365,365.0,1.0
partition_key,listing_id,8668073,365,365.0,1.0
partition_key,listing_id,790860,365,365.0,1.0
partition_key,listing_id,261912,365,365.0,1.0
partition_key,listing_id,368403,365,365.0,1.0
partition_key,listing_id,9878971,365,365.0,1.0
partition_key,listing_id,5602370,365,365.0,1.0
partition_key,listing_id,9395217,365,365.0,1.0
partition_key,listing_id,7331079,365,365.0,1.0
partition_key,listing_id,580182,365,365.0,1.0
partition_key,listing_id,8152191,365,365.0,1.0
partition_key,listing_id,103908,365,365.0,1.0
partition_key,listing_id,783061,365,365.0,1.0
partition_key,listing_id,7901725,365,365.0,1.0
partition_key,listing_id,4968752,365,365.0,1.0
partition_key,listing_id,14386,365,365.0,1.0
partition_key,listing_id,7517215,365,365.0,1.0
partition_key,listing_id,1602421,365,365.0,1.0
partition_key,listing_id,3821822,365,365.0,1.0
partition_key,listing_id,6073437,365,365.0,1.0
partition_key,listing_id,7917700,365,365.0,1.0
partition_key,listing_id,6278181,365,365.0,1.0
partition_key,listing_id,4279578,365,365.0,1.0
partition_key,listing_id,9907337,365,365.0,1.0
partition_key,listing_id,1796861,365,365.0,1.0
partition_key,listing_id,4211836,365,365.0,1.0
partition_key,listing_id,4025954,365,365.0,1.0
partition_key,listing_id,6154478,365,365.0,1.0
partition_key,listing_id,84030,365,365.0,1.0
partition_key,listing_id,4235559,365,365.0,1.0
partition_key,listing_id,830948,365,365.0,1.0
partition_key,listing_id,3468261,365,365.0,1.0
partition_key,listing_id,10026648,365,365.0,1.0
partition_key,listing_id,9117633,365,365.0,1.0
partition_key,listing_id,9158383,365,365.0,1.0
partition_key,listing_id,1145590,365,365.0,1.0
partition_key,listing_id,5020848,365,365.0,1.0
partition_key,listing_id,9600159,365,365.0,1.0
partition_key,listing_id,3522409,365,365.0,1.0
partition_key,listing_id,9492873,365,365.0,1.0
partition_key,listing_id,5534463,365,365.0,1.0
partition_key,listing_id,9409233,365,365.0,1.0
partition_key,listing_id,9531265,365,365.0,1.0
partition_key,listing_id,5364609,365,365.0,1.0
partition_key,listing_id,6629132,365,365.0,1.0
partition_key,listing_id,5489676,365,365.0,1.0
partition_key,listing_id,9347157,365,365.0,1.0
partition_key,listing_id,10035644,365,365.0,1.0
partition_key,listing_id,8293287,365,365.0,1.0
partition_key,listing_id,910784,365,365.0,1.0
partition_key,listing_id,7071222,365,365.0,1.0
partition_key,listing_id,8687716,365,365.0,1.0
partition_key,listing_id,7430679,365,365.0,1.0
partition_key,listing_id,180939,365,365.0,1.0
partition_key,listing_id,6884604,365,365.0,1.0
partition_key,listing_id,7397476,365,365.0,1.0
partition_key,listing_id,1063855,365,365.0,1.0
partition_key,listing_id,8865006,365,365.0,1.0
partition_key,listing_id,8069192,365,365.0,1.0
partition_key,listing_id,2800448,365,365.0,1.0
partition_key,listing_id,9076287,365,365.0,1.0
partition_key,listing_id,7462439,365,365.0,1.0
partition_key,listing_id,8225635,365,365.0,1.0
partition_key,listing_id,2966415,365,365.0,1.0
partition_key,listing_id,4639465,365,365.0,1.0
partition_key,listing_id,7402190,365,365.0,1.0
partition_key,listing_id,9448719,365,365.0,1.0
partition_key,listing_id,5670781,365,365.0,1.0
partition_key,listing_id,1905473,365,365.0,1.0
partition_key,listing_id,7266662,365,365.0,1.0
partition_key,listing_id,9095510,365,365.0,1.0
partition_key,listing_id,7401854,365,365.0,1.0
partition_key,listing_id,5174876,365,365.0,1.0
partition_key,listing_id,1256883,365,365.0,1.0
partition_key,listing_id,8072850,365,365.0,1.0
partition_key,listing_id,6706377,365,365.0,1.0
partition_key,listing_id,9738522,365,365.0,1.0
partition_key,listing_id,2995996,365,365.0,1.0
partition_key,listing_id,6674408,365,365.0,1.0
partition_key,listing_id,6801095,365,365.0,1.0
partition_key,listing_id,143704,365,365.0,1.0
partition_key,listing_id,9258305,365,365.0,1.0
partition_key,listing_id,3727017,365,365.0,1.0
partition_key,listing_id,789966,365,365.0,1.0
partition_key,listing_id,6864319,365,365.0,1.0
partition_key,listing_id,1539463,365,365.0,1.0
partition_key,listing_id,9591787,365,365.0,1.0
partition_key,listing_id,10279830,365,365.0,1.0
partition_key,listing_id,1956553,365,365.0,1.0
partition_key,listing_id,7396508,365,365.0,1.0
partition_key,listing_id,6272065,365,365.0,1.0
partition_key,listing_id,7072218,365,365.0,1.0
partition_key,listing_id,7075948,365,365.0,1.0
partition_key,listing_id,7543458,365,365.0,1.0
partition_key,listing_id,3769336,365,365.0,1.0
partition_key,listing_id,8666707,365,365.0,1.0
partition_key,listing_id,7205443,365,365.0,1.0
partition_key,listing_id,193371,365,365.0,1.0
partition_key,listing_id,9957555,365,365.0,1.0
partition_key,listing_id,6795678,365,365.0,1.0
partition_key,listing_id,9300972,365,365.0,1.0
partition_key,listing_id,8047522,365,365.0,1.0
partition_key,listing_id,9457328,365,365.0,1.0
partition_key,listing_id,6576006,365,365.0,1.0
partition_key,listing_id,7971334,365,365.0,1.0
partition_key,listing_id,1984962,365,365.0,1.0
partition_key,listing_id,9292039,365,365.0,1.0
partition_key,listing_id,6661617,365,365.0,1.0
partition_key,listing_id,8848854,365,365.0,1.0
partition_key,listing_id,3251069,365,365.0,1.0
partition_key,listing_id,4111137,365,365.0,1.0
partition_key,listing_id,4760472,365,365.0,1.0
partition_key,listing_id,8968925,365,365.0,1.0
partition_key,listing_id,3293438,365,365.0,1.0
partition_key,listing_id,9210978,365,365.0,1.0
partition_key,listing_id,3319386,365,365.0,1.0
partition_key,listing_id,7717813,365,365.0,1.0
partition_key,listing_id,5578943,365,365.0,1.0
partition_key,listing_id,7660932,365,365.0,1.0
partition_key,listing_id,4271221,365,365.0,1.0
partition_key,listing_id,6358605,365,365.0,1.0
partition_key,listing_id,1439237,365,365.0,1.0
partition_key,listing_id,7775167,365,365.0,1.0
partition_key,listing_id,7437784,365,365.0,1.0
partition_key,listing_id,9628972,365,365.0,1.0
partition_key,listing_id,8425013,365,365.0,1.0
partition_key,listing_id,6925807,365,365.0,1.0
partition_key,listing_id,7400955,365,365.0,1.0
partition_key,listing_id,8174389,365,365.0,1.0
partition_key,listing_id,6292452,365,365.0,1.0
partition_key,listing_id,9095668,365,365.0,1.0
partition_key,listing_id,413733,365,365.0,1.0
partition_key,listing_id,8783900,365,365.0,1.0
partition_key,listing_id,639130,365,365.0,1.0
partition_key,listing_id,2484067,365,365.0,1.0
partition_key,listing_id,3533112,365,365.0,1.0
partition_key,listing_id,2249292,365,365.0,1.0
partition_key,listing_id,7838294,365,365.0,1.0
partition_key,listing_id,6133354,365,365.0,1.0
partition_key,listing_id,7987836,365,365.0,1.0
partition_key,listing_id,9910025,365,365.0,1.0
partition_key,listing_id,7364024,365,365.0,1.0
partition_key,listing_id,9362082,365,365.0,1.0
partition_key,listing_id,8847108,365,365.0,1.0
partition_key,listing_id,7462428,365,365.0,1.0
partition_key,listing_id,4370312,365,365.0,1.0
partition_key,listing_id,4053972,365,365.0,1.0
partition_key,listing_id,6209191,365,365.0,1.0
partition_key,listing_id,10123910,365,365.0,1.0
partition_key,listing_id,6412858,365,365.0,1.0
partition_key,listing_id,3987838,365,365.0,1.0
partition_key,listing_id,7027507,365,365.0,1.0
partition_key,listing_id,6587443,365,365.0,1.0
partition_key,listing_id,10204689,365,365.0,1.0
partition_key,listing_id,1029680,365,365.0,1.0
partition_key,listing_id,7208439,365,365.0,1.0
partition_key,listing_id,8327765,365,365.0,1.0
partition_key,listing_id,3953611,365,365.0,1.0
partition_key,listing_id,2584354,365,365.0,1.0
partition_key,listing_id,4574700,365,365.0,1.0
partition_key,listing_id,5685646,365,365.0,1.0
partition_key,listing_id,977722,365,365.0,1.0
partition_key,listing_id,2931922,365,365.0,1.0
partition_key,listing_id,8253955,365,365.0,1.0
partition_key,listing_id,6426462,365,365.0,1.0
partition_key,listing_id,8154238,365,365.0,1.0
partition_key,listing_id,5020861,365,365.0,1.0
partition_key,listing_id,9611409,365,365.0,1.0
partition_key,listing_id,9282348,365,365.0,1.0
partition_key,listing_id,8939306,365,365.0,1.0
partition_key,listing_id,5423692,365,365.0,1.0
partition_key,listing_id,9159975,365,365.0,1.0
partition_key,listing_id,7561272,365,365.0,1.0
partition_key,listing_id,7326419,365,365.0,1.0
partition_key,listing_id,9373607,365,365.0,1.0
partition_key,listing_id,6717555,365,365.0,1.0
partition_key,listing_id,8939433,365,365.0,1.0
partition_key,listing_id,8939503,365,365.0,1.0
partition_key,listing_id,8742753,365,365.0,1.0
partition_key,listing_id,8939687,365,365.0,1.0
partition_key,listing_id,3793406,365,365.0,1.0
partition_key,listing_id,9134196,365,365.0,1.0
partition_key,listing_id,6007267,365,365.0,1.0
partition_key,listing_id,3422894,365,365.0,1.0
partition_key,listing_id,3630581,365,365.0,1.0
partition_key,listing_id,9394508,365,365.0,1.0
partition_key,listing_id,7348578,365,365.0,1.0
partition_key,listing_id,8869680,365,365.0,1.0
partition_key,listing_id,7678429,365,365.0,1.0
partition_key,listing_id,2979387,365,365.0,1.0
partition_key,listing_id,1531458,365,365.0,1.0
partition_key,listing_id,1549973,365,365.0,1.0
partition_key,listing_id,1123977,365,365.0,1.0
partition_key,listing_id,5719631,365,365.0,1.0
partition_key,listing_id,9580209,365,365.0,1.0
partition_key,listing_id,9364220,365,365.0,1.0
partition_key,listing_id,9663221,365,365.0,1.0
partition_key,listing_id,9636952,365,365.0,1.0
partition_key,listing_id,8594059,365,365.0,1.0
partition_key,listing_id,6278756,365,365.0,1.0
partition_key,listing_id,3679617,365,365.0,1.0
partition_key,listing_id,9416551,365,365.0,1.0
partition_key,listing_id,8322107,365,365.0,1.0
partition_key,listing_id,9511676,365,365.0,1.0
partition_key,listing_id,3158243,365,365.0,1.0
partition_key,listing_id,8327124,365,365.0,1.0
partition_key,listing_id,4311078,365,365.0,1.0
partition_key,listing_id,3329962,365,365.0,1.0
partition_key,listing_id,3263071,365,365.0,1.0
partition_key,listing_id,7302675,365,365.0,1.0
partition_key,listing_id,6250399,365,365.0,1.0
partition_key,listing_id,7387294,365,365.0,1.0
partition_key,listing_id,7363462,365,365.0,1.0
partition_key,listing_id,6796336,365,365.0,1.0
partition_key,listing_id,8156894,365,365.0,1.0
partition_key,listing_id,1150519,365,365.0,1.0
partition_key,listing_id,5969872,365,365.0,1.0
partition_key,listing_id,9617068,365,365.0,1.0
partition_key,listing_id,4438188,365,365.0,1.0
partition_key,listing_id,1521633,365,365.0,1.0
partition_key,listing_id,6623079,365,365.0,1.0
partition_key,listing_id,7561254,365,365.0,1.0
partition_key,listing_id,3494608,365,365.0,1.0
partition_key,listing_id,3085726,365,365.0,1.0
partition_key,listing_id,2256124,365,365.0,1.0
partition_key,listing_id,7071021,365,365.0,1.0
partition_key,listing_id,9465815,365,365.0,1.0
partition_key,listing_id,6938103,365,365.0,1.0
partition_key,listing_id,6913414,365,365.0,1.0
partition_key,listing_id,3706719,365,365.0,1.0
partition_key,listing_id,8174626,365,365.0,1.0
partition_key,listing_id,1571230,365,365.0,1.0
partition_key,listing_id,4270642,365,365.0,1.0
partition_key,listing_id,5407311,365,365.0,1.0
partition_key,listing_id,9976135,365,365.0,1.0
partition_key,listing_id,9558353,365,365.0,1.0
partition_key,listing_id,7247767,365,365.0,1.0
partition_key,listing_id,7035077,365,365.0,1.0
partition_key,listing_id,7353834,365,365.0,1.0
partition_key,listing_id,9319891,365,365.0,1.0
partition_key,listing_id,6575407,365,365.0,1.0
partition_key,listing_id,7550234,365,365.0,1.0
partition_key,listing_id,8939736,365,365.0,1.0
partition_key,listing_id,7247720,365,365.0,1.0
partition_key,listing_id,1786923,365,365.0,1.0
partition_key,listing_id,7649837,365,365.0,1.0
partition_key,listing_id,3610724,365,365.0,1.0
partition_key,listing_id,7988337,365,365.0,1.0
partition_key,listing_id,1773803,365,365.0,1.0
partition_key,listing_id,7536074,365,365.0,1.0
partition_key,listing_id,3770248,365,365.0,1.0
partition_key,listing_id,9097754,365,365.0,1.0
partition_key,listing_id,3291295,365,365.0,1.0
partition_key,listing_id,8171726,365,365.0,1.0
partition_key,listing_id,10031055,365,365.0,1.0
partition_key,listing_id,8939595,365,365.0,1.0
partition_key,listing_id,8155580,365,365.0,1.0
partition_key,listing_id,6705584,365,365.0,1.0
partition_key,listing_id,1417880,365,365.0,1.0
partition_key,listing_id,7245692,365,365.0,1.0
partition_key,listing_id,7153101,365,365.0,1.0
partition_key,listing_id,9014572,365,365.0,1.0
partition_key,listing_id,585418,365,365.0,1.0
partition_key,listing_id,4484426,365,365.0,1.0
partition_key,listing_id,3291777,365,365.0,1.0
partition_key,listing_id,3096191,365,365.0,1.0
partition_key,listing_id,9865846,365,365.0,1.0
partition_key,listing_id,6249536,365,365.0,1.0
partition_key,listing_id,5744931,365,365.0,1.0
partition_key,listing_id,8156764,365,365.0,1.0
partition_key,listing_id,3303857,365,365.0,1.0
partition_key,listing_id,8155710,365,365.0,1.0
partition_key,listing_id,3843706,365,365.0,1.0
partition_key,listing_id,8156860,365,365.0,1.0
partition_key,listing_id,9316399,365,365.0,1.0
partition_key,listing_id,293890,365,365.0,1.0
partition_key,listing_id,7915432,365,365.0,1.0
partition_key,listing_id,7501583,365,365.0,1.0
partition_key,listing_id,10126050,365,365.0,1.0
partition_key,listing_id,7807658,365,365.0,1.0
partition_key,listing_id,1589461,365,365.0,1.0
partition_key,listing_id,9303530,365,365.0,1.0
partition_key,listing_id,7809718,365,365.0,1.0
partition_key,listing_id,140331,365,365.0,1.0
partition_key,listing_id,9462315,365,365.0,1.0
partition_key,listing_id,565703,365,365.0,1.0
partition_key,listing_id,1147349,365,365.0,1.0
partition_key,listing_id,7262358,365,365.0,1.0
partition_key,listing_id,723723,365,365.0,1.0
partition_key,listing_id,4757025,365,365.0,1.0
partition_key,listing_id,3334052,365,365.0,1.0
partition_key,listing_id,7036707,365,365.0,1.0
partition_key,listing_id,5272327,365,365.0,1.0
partition_key,listing_id,3921664,365,365.0,1.0
partition_key,listing_id,9974658,365,365.0,1.0
partition_key,listing_id,2727984,365,365.0,1.0
partition_key,listing_id,794633,365,365.0,1.0
partition_key,listing_id,3959442,365,365.0,1.0
partition_key,listing_id,6761267,365,365.0,1.0
partition_key,listing_id,6824408,365,365.0,1.0
partition_key,listing_id,2526129,365,365.0,1.0
partition_key,listing_id,7859906,365,365.0,1.0
partition_key,listing_id,9636248,365,365.0,1.0
partition_key,listing_id,4623541,365,365.0,1.0
partition_key,listing_id,1970725,365,365.0,1.0
partition_key,listing_id,4418480,365,365.0,1.0
partition_key,listing_id,911001,365,365.0,1.0
partition_key,listing_id,6670332,365,365.0,1.0
partition_key,listing_id,1249060,365,365.0,1.0
partition_key,listing_id,1566487,365,365.0,1.0
partition_key,listing_id,9711153,365,365.0,1.0
partition_key,listing_id,444221,365,365.0,1.0
partition_key,listing_id,1018204,365,365.0,1.0
partition_key,listing_id,4856986,365,365.0,1.0
partition_key,listing_id,2130652,365,365.0,1.0
partition_key,listing_id,5524530,365,365.0,1.0
partition_key,listing_id,9216874,365,365.0,1.0
partition_key,listing_id,7971395,365,365.0,1.0
partition_key,listing_id,2593263,365,365.0,1.0
partition_key,listing_id,443580,365,365.0,1.0
partition_key,listing_id,1614502,365,365.0,1.0
partition_key,listing_id,4477426,365,365.0,1.0
partition_key,listing_id,7648716,365,365.0,1.0
partition_key,listing_id,9696912,365,365.0,1.0
partition_key,listing_id,3585592,365,365.0,1.0
partition_key,listing_id,3757858,365,365.0,1.0
partition_key,listing_id,7219838,365,365.0,1.0
partition_key,listing_id,6022715,365,365.0,1.0
partition_key,listing_id,7685745,365,365.0,1.0
partition_key,listing_id,4565370,365,365.0,1.0
partition_key,listing_id,4783817,365,365.0,1.0
partition_key,listing_id,2593176,365,365.0,1.0
partition_key,listing_id,3143227,365,365.0,1.0
partition_key,listing_id,1214306,365,365.0,1.0
partition_key,listing_id,9448215,365,365.0,1.0
partition_key,listing_id,9369481,365,365.0,1.0
partition_key,listing_id,3533224,365,365.0,1.0
partition_key,listing_id,443736,365,365.0,1.0
partition_key,listing_id,6675927,365,365.0,1.0
partition_key,listing_id,1772119,365,365.0,1.0
partition_key,listing_id,7808495,365,365.0,1.0
partition_key,listing_id,4539948,365,365.0,1.0
partition_key,listing_id,7768727,365,365.0,1.0
partition_key,listing_id,769213,365,365.0,1.0
partition_key,listing_id,5328449,365,365.0,1.0
partition_key,listing_id,1763809,365,365.0,1.0
partition_key,listing_id,1499596,365,365.0,1.0
partition_key,listing_id,4737727,365,365.0,1.0
partition_key,listing_id,8242212,365,365.0,1.0
partition_key,listing_id,8186781,365,365.0,1.0
partition_key,listing_id,7229015,365,365.0,1.0
partition_key,listing_id,5814207,365,365.0,1.0
partition_key,listing_id,2274086,365,365.0,1.0
partition_key,listing_id,4387985,365,365.0,1.0
partition_key,listing_id,9909445,365,365.0,1.0
partition_key,listing_id,7664899,365,365.0,1.0
partition_key,listing_id,4773614,365,365.0,1.0
partition_key,listing_id,3946674,365,365.0,1.0
partition_key,listing_id,8616488,365,365.0,1.0
partition_key,listing_id,7518316,365,365.0,1.0
partition_key,listing_id,5259194,365,365.0,1.0
partition_key,listing_id,9256702,365,365.0,1.0
partition_key,listing_id,9240289,365,365.0,1.0
partition_key,listing_id,2032805,365,365.0,1.0
partition_key,listing_id,3751503,365,365.0,1.0
partition_key,listing_id,7581974,365,365.0,1.0
partition_key,listing_id,6558980,365,365.0,1.0
partition_key,listing_id,2399736,365,365.0,1.0
partition_key,listing_id,8674765,365,365.0,1.0
partition_key,listing_id,6004165,365,365.0,1.0
partition_key,listing_id,1826155,365,365.0,1.0
partition_key,listing_id,4857192,365,365.0,1.0
partition_key,listing_id,7748905,365,365.0,1.0
partition_key,listing_id,973859,365,365.0,1.0
partition_key,listing_id,6716380,365,365.0,1.0
partition_key,listing_id,7953211,365,365.0,1.0
partition_key,listing_id,5241773,365,365.0,1.0
partition_key,listing_id,3144597,365,365.0,1.0
partition_key,listing_id,7698916,365,365.0,1.0
partition_key,listing_id,7305969,365,365.0,1.0
partition_key,listing_id,5069495,365,365.0,1.0
partition_key,listing_id,1817878,365,365.0,1.0
partition_key,listing_id,4430381,365,365.0,1.0
partition_key,listing_id,6528192,365,365.0,1.0
partition_key,listing_id,3177005,365,365.0,1.0
partition_key,listing_id,4430233,365,365.0,1.0
partition_key,listing_id,670009,365,365.0,1.0
partition_key,listing_id,4577542,365,365.0,1.0
partition_key,listing_id,6764646,365,365.0,1.0
partition_key,listing_id,4256705,365,365.0,1.0
partition_key,listing_id,8812578,365,365.0,1.0
partition_key,listing_id,341454,365,365.0,1.0
partition_key,listing_id,8195629,365,365.0,1.0
partition_key,listing_id,2577625,365,365.0,1.0
partition_key,listing_id,555858,365,365.0,1.0
partition_key,listing_id,4814811,365,365.0,1.0
partition_key,listing_id,9484823,365,365.0,1.0
partition_key,listing_id,660603,365,365.0,1.0
partition_key,listing_id,3940265,365,365.0,1.0
partition_key,listing_id,7500976,365,365.0,1.0
partition_key,listing_id,9516608,365,365.0,1.0
partition_key,listing_id,9712716,365,365.0,1.0
partition_key,listing_id,5813657,365,365.0,1.0
partition_key,listing_id,8884826,365,365.0,1.0
partition_key,listing_id,1978743,365,365.0,1.0
partition_key,listing_id,6091789,365,365.0,1.0
partition_key,listing_id,6165353,365,365.0,1.0
partition_key,listing_id,1244053,365,365.0,1.0
partition_key,listing_id,8508223,365,365.0,1.0
partition_key,listing_id,6991188,365,365.0,1.0
partition_key,listing_id,7344117,365,365.0,1.0
partition_key,listing_id,9506766,365,365.0,1.0
partition_key,listing_id,6451305,365,365.0,1.0
partition_key,listing_id,7531405,365,365.0,1.0
partition_key,listing_id,9612147,365,365.0,1.0
partition_key,listing_id,666897,365,365.0,1.0
partition_key,listing_id,4061051,365,365.0,1.0
partition_key,listing_id,3394338,365,365.0,1.0
partition_key,listing_id,4238106,365,365.0,1.0
partition_key,listing_id,7350059,365,365.0,1.0
partition_key,listing_id,5262750,365,365.0,1.0
partition_key,listing_id,2802844,365,365.0,1.0
partition_key,listing_id,3123632,365,365.0,1.0
partition_key,listing_id,3024336,365,365.0,1.0
partition_key,listing_id,8652185,365,365.0,1.0
partition_key,listing_id,10192213,365,365.0,1.0
partition_key,listing_id,3970736,365,365.0,1.0
partition_key,listing_id,4546924,365,365.0,1.0
partition_key,listing_id,2760901,365,365.0,1.0
partition_key,listing_id,3490239,365,365.0,1.0
partition_key,listing_id,3416217,365,365.0,1.0
partition_key,listing_id,5537833,365,365.0,1.0
partition_key,listing_id,8372562,365,365.0,1.0
partition_key,listing_id,8866960,365,365.0,1.0
partition_key,listing_id,3354614,365,365.0,1.0
partition_key,listing_id,8953857,365,365.0,1.0
partition_key,listing_id,7093738,365,365.0,1.0
partition_key,listing_id,5277900,365,365.0,1.0
partition_key,listing_id,1171574,365,365.0,1.0
partition_key,listing_id,1818754,365,365.0,1.0
partition_key,listing_id,74328,365,365.0,1.0
partition_key,listing_id,6728017,365,365.0,1.0
partition_key,listing_id,2612399,365,365.0,1.0
partition_key,listing_id,2515795,365,365.0,1.0
partition_key,listing_id,7093910,365,365.0,1.0
partition_key,listing_id,4170863,365,365.0,1.0
partition_key,listing_id,7941079,365,365.0,1.0
partition_key,listing_id,1442973,365,365.0,1.0
partition_key,listing_id,4396961,365,365.0,1.0
partition_key,listing_id,5859152,365,365.0,1.0
partition_key,listing_id,8555794,365,365.0,1.0
partition_key,listing_id,2112625,365,365.0,1.0
partition_key,listing_id,8814802,365,365.0,1.0
partition_key,listing_id,8273948,365,365.0,1.0
partition_key,listing_id,319768,365,365.0,1.0
partition_key,listing_id,1961671,365,365.0,1.0
partition_key,listing_id,3691288,365,365.0,1.0
partition_key,listing_id,8703557,365,365.0,1.0
partition_key,listing_id,8525338,365,365.0,1.0
partition_key,listing_id,8049470,365,365.0,1.0
partition_key,listing_id,1455908,365,365.0,1.0
partition_key,listing_id,8525825,365,365.0,1.0
partition_key,listing_id,3463245,365,365.0,1.0
partition_key,listing_id,4172364,365,365.0,1.0
partition_key,listing_id,3728802,365,365.0,1.0
partition_key,listing_id,6512378,365,365.0,1.0
partition_key,listing_id,785830,365,365.0,1.0
partition_key,listing_id,8616606,365,365.0,1.0
partition_key,listing_id,5078244,365,365.0,1.0
partition_key,listing_id,7921278,365,365.0,1.0
partition_key,listing_id,8016610,365,365.0,1.0
partition_key,listing_id,4468524,365,365.0,1.0
partition_key,listing_id,8424532,365,365.0,1.0
partition_key,listing_id,6990882,365,365.0,1.0
partition_key,listing_id,4017140,365,365.0,1.0
partition_key,listing_id,9489310,365,365.0,1.0
partition_key,listing_id,8104742,365,365.0,1.0
partition_key,listing_id,9407255,365,365.0,1.0
partition_key,listing_id,6475289,365,365.0,1.0
partition_key,listing_id,1377812,365,365.0,1.0
partition_key,listing_id,9512909,365,365.0,1.0
partition_key,listing_id,4432489,365,365.0,1.0
partition_key,listing_id,7471629,365,365.0,1.0
partition_key,listing_id,8067827,365,365.0,1.0
partition_key,listing_id,4384095,365,365.0,1.0
partition_key,listing_id,1351716,365,365.0,1.0
partition_key,listing_id,8392661,365,365.0,1.0
partition_key,listing_id,281208,365,365.0,1.0
partition_key,listing_id,7859909,365,365.0,1.0
partition_key,listing_id,9416373,365,365.0,1.0
partition_key,listing_id,1404307,365,365.0,1.0
partition_key,listing_id,7480843,365,365.0,1.0
partition_key,listing_id,877203,365,365.0,1.0
partition_key,listing_id,7037291,365,365.0,1.0
partition_key,listing_id,7931386,365,365.0,1.0
partition_key,listing_id,8173825,365,365.0,1.0
partition_key,listing_id,6759104,365,365.0,1.0
partition_key,listing_id,7619060,365,365.0,1.0
partition_key,listing_id,7095802,365,365.0,1.0
partition_key,listing_id,8103432,365,365.0,1.0
partition_key,listing_id,3998922,365,365.0,1.0
partition_key,listing_id,8922153,365,365.0,1.0
partition_key,listing_id,5932882,365,365.0,1.0
partition_key,listing_id,6187340,365,365.0,1.0
partition_key,listing_id,8350401,365,365.0,1.0
partition_key,listing_id,1273432,365,365.0,1.0
partition_key,listing_id,2830174,365,365.0,1.0
partition_key,listing_id,9370866,365,365.0,1.0
partition_key,listing_id,8339303,365,365.0,1.0
partition_key,listing_id,8107555,365,365.0,1.0
partition_key,listing_id,3946160,365,365.0,1.0
partition_key,listing_id,4061207,365,365.0,1.0
partition_key,listing_id,113951,365,365.0,1.0
partition_key,listing_id,5102135,365,365.0,1.0
partition_key,listing_id,5060388,365,365.0,1.0
partition_key,listing_id,286712,365,365.0,1.0
partition_key,listing_id,5463875,365,365.0,1.0
partition_key,listing_id,4316910,365,365.0,1.0
partition_key,listing_id,7093986,365,365.0,1.0
partition_key,listing_id,4777832,365,365.0,1.0
partition_key,listing_id,7429207,365,365.0,1.0
partition_key,listing_id,7664565,365,365.0,1.0
partition_key,listing_id,5792683,365,365.0,1.0
partition_key,listing_id,1856970,365,365.0,1.0
partition_key,listing_id,4084712,365,365.0,1.0
partition_key,listing_id,6411986,365,365.0,1.0
partition_key,listing_id,9258687,365,365.0,1.0
partition_key,listing_id,9426058,365,365.0,1.0
partition_key,listing_id,9736801,365,365.0,1.0
partition_key,listing_id,4297068,365,365.0,1.0
partition_key,listing_id,8221520,365,365.0,1.0
partition_key,listing_id,2387605,365,365.0,1.0
partition_key,listing_id,8389809,365,365.0,1.0
partition_key,listing_id,7048843,365,365.0,1.0
partition_key,listing_id,879181,365,365.0,1.0
partition_key,listing_id,6423488,365,365.0,1.0
partition_key,listing_id,7241905,365,365.0,1.0
partition_key,listing_id,1246809,365,365.0,1.0
partition_key,listing_id,10273158,365,365.0,1.0
partition_key,listing_id,5615620,365,365.0,1.0
partition_key,listing_id,936484,365,365.0,1.0
partition_key,listing_id,5415077,365,365.0,1.0
partition_key,listing_id,938785,365,365.0,1.0
partition_key,listing_id,934216,365,365.0,1.0
partition_key,listing_id,6119821,365,365.0,1.0
partition_key,listing_id,3385421,365,365.0,1.0
partition_key,listing_id,5981343,365,365.0,1.0
partition_key,listing_id,9706229,365,365.0,1.0
partition_key,listing_id,8212989,365,365.0,1.0
partition_key,listing_id,9444769,365,365.0,1.0
partition_key,listing_id,5422159,365,365.0,1.0
partition_key,listing_id,9532861,365,365.0,1.0
partition_key,listing_id,3380159,365,365.0,1.0
partition_key,listing_id,9294683,365,365.0,1.0
partition_key,listing_id,8253456,365,365.0,1.0
partition_key,listing_id,944237,365,365.0,1.0
partition_key,listing_id,4165387,365,365.0,1.0
partition_key,listing_id,9866984,365,365.0,1.0
partition_key,listing_id,7179337,365,365.0,1.0
partition_key,listing_id,9768655,365,365.0,1.0
partition_key,listing_id,8015531,365,365.0,1.0
partition_key,listing_id,991961,365,365.0,1.0
partition_key,listing_id,4597584,365,365.0,1.0
partition_key,listing_id,8035212,365,365.0,1.0
partition_key,listing_id,8053396,365,365.0,1.0
partition_key,listing_id,9634448,365,365.0,1.0
partition_key,listing_id,2516391,365,365.0,1.0
partition_key,listing_id,7581631,365,365.0,1.0
partition_key,listing_id,7067650,365,365.0,1.0
partition_key,listing_id,706385,365,365.0,1.0
partition_key,listing_id,6005443,365,365.0,1.0
partition_key,listing_id,6883913,365,365.0,1.0
partition_key,listing_id,6523393,365,365.0,1.0
partition_key,listing_id,7922676,365,365.0,1.0
partition_key,listing_id,6766513,365,365.0,1.0
partition_key,listing_id,682135,365,365.0,1.0
partition_key,listing_id,4678866,365,365.0,1.0
partition_key,listing_id,708774,365,365.0,1.0
partition_key,listing_id,3158210,365,365.0,1.0
partition_key,listing_id,1494828,365,365.0,1.0
partition_key,listing_id,7291403,365,365.0,1.0
partition_key,listing_id,7075357,365,365.0,1.0
partition_key,listing_id,8000037,365,365.0,1.0
partition_key,listing_id,1652097,365,365.0,1.0
partition_key,listing_id,4660460,365,365.0,1.0
partition_key,listing_id,1944596,365,365.0,1.0
partition_key,listing_id,5593504,365,365.0,1.0
partition_key,listing_id,7999692,365,365.0,1.0
partition_key,listing_id,619366,365,365.0,1.0
partition_key,listing_id,7999972,365,365.0,1.0
partition_key,listing_id,3379116,365,365.0,1.0
partition_key,listing_id,10272763,365,365.0,1.0
partition_key,listing_id,10077121,365,365.0,1.0
partition_key,listing_id,7536219,365,365.0,1.0
partition_key,listing_id,4688603,365,365.0,1.0
partition_key,listing_id,7936877,365,365.0,1.0
partition_key,listing_id,3627658,365,365.0,1.0
partition_key,listing_id,6363779,365,365.0,1.0
partition_key,listing_id,2693137,365,365.0,1.0
partition_key,listing_id,7697340,365,365.0,1.0
partition_key,listing_id,5707514,365,365.0,1.0
partition_key,listing_id,7844444,365,365.0,1.0
partition_key,listing_id,7481498,365,365.0,1.0
partition_key,listing_id,535300,365,365.0,1.0
partition_key,listing_id,68508,365,365.0,1.0
partition_key,listing_id,8294379,365,365.0,1.0
partition_key,listing_id,9137487,365,365.0,1.0
partition_key,listing_id,4481979,365,365.0,1.0
partition_key,listing_id,5353512,365,365.0,1.0
partition_key,listing_id,244499,365,365.0,1.0
partition_key,listing_id,3316219,365,365.0,1.0
partition_key,listing_id,6613601,365,365.0,1.0
partition_key,listing_id,7833113,365,365.0,1.0
partition_key,listing_id,7439802,365,365.0,1.0
partition_key,listing_id,10135378,365,365.0,1.0
partition_key,listing_id,9330174,365,365.0,1.0
partition_key,listing_id,9597415,365,365.0,1.0
partition_key,listing_id,8831088,365,365.0,1.0
partition_key,listing_id,7401671,365,365.0,1.0
partition_key,listing_id,5330475,365,365.0,1.0
partition_key,listing_id,8067001,365,365.0,1.0
partition_key,listing_id,8829089,365,365.0,1.0
partition_key,listing_id,8814555,365,365.0,1.0
partition_key,listing_id,6852288,365,365.0,1.0
partition_key,listing_id,6913706,365,365.0,1.0
partition_key,listing_id,2387265,365,365.0,1.0
partition_key,listing_id,48319,365,365.0,1.0
partition_key,listing_id,9885225,365,365.0,1.0
partition_key,listing_id,8083242,365,365.0,1.0
partition_key,listing_id,8704964,365,365.0,1.0
partition_key,listing_id,6990477,365,365.0,1.0
partition_key,listing_id,117862,365,365.0,1.0
partition_key,listing_id,7777219,365,365.0,1.0
partition_key,listing_id,7203765,365,365.0,1.0
partition_key,listing_id,7840228,365,365.0,1.0
partition_key,listing_id,7438635,365,365.0,1.0
partition_key,listing_id,9389755,365,365.0,1.0
partition_key,listing_id,9151865,365,365.0,1.0
partition_key,listing_id,7204672,365,365.0,1.0
partition_key,listing_id,5579427,365,365.0,1.0
partition_key,listing_id,6734621,365,365.0,1.0
partition_key,listing_id,2263643,365,365.0,1.0
partition_key,listing_id,4608208,365,365.0,1.0
partition_key,listing_id,9999955,365,365.0,1.0
partition_key,listing_id,3528627,365,365.0,1.0
partition_key,listing_id,8048333,365,365.0,1.0
partition_key,listing_id,8050642,365,365.0,1.0
partition_key,listing_id,7329805,365,365.0,1.0
partition_key,listing_id,6848455,365,365.0,1.0
partition_key,listing_id,9695233,365,365.0,1.0
partition_key,listing_id,5164581,365,365.0,1.0
partition_key,listing_id,2208757,365,365.0,1.0
partition_key,listing_id,226536,365,365.0,1.0
partition_key,listing_id,176678,365,365.0,1.0
partition_key,listing_id,7050534,365,365.0,1.0
partition_key,listing_id,8248970,365,365.0,1.0
partition_key,listing_id,4824699,365,365.0,1.0
partition_key,listing_id,3876097,365,365.0,1.0
partition_key,listing_id,1260259,365,365.0,1.0
partition_key,listing_id,8443952,365,365.0,1.0
partition_key,listing_id,10068879,365,365.0,1.0
partition_key,listing_id,8173487,365,365.0,1.0
partition_key,listing_id,685600,365,365.0,1.0
partition_key,listing_id,8483477,365,365.0,1.0
partition_key,listing_id,10136155,365,365.0,1.0
partition_key,listing_id,6959336,365,365.0,1.0
partition_key,listing_id,5195064,365,365.0,1.0
partition_key,listing_id,9961538,365,365.0,1.0
partition_key,listing_id,8301680,365,365.0,1.0
partition_key,listing_id,492287,365,365.0,1.0
partition_key,listing_id,8029177,365,365.0,1.0
partition_key,listing_id,7343707,365,365.0,1.0
partition_key,listing_id,8882345,365,365.0,1.0
partition_key,listing_id,7676574,365,365.0,1.0
partition_key,listing_id,3354761,365,365.0,1.0
partition_key,listing_id,3561237,365,365.0,1.0
partition_key,listing_id,1831338,365,365.0,1.0
partition_key,listing_id,1840671,365,365.0,1.0
partition_key,listing_id,5559643,365,365.0,1.0
partition_key,listing_id,8327083,365,365.0,1.0
partition_key,listing_id,8087037,365,365.0,1.0
partition_key,listing_id,1696015,365,365.0,1.0
partition_key,listing_id,6855839,365,365.0,1.0
partition_key,listing_id,3345341,365,365.0,1.0
partition_key,listing_id,4410493,365,365.0,1.0
partition_key,listing_id,19619,365,365.0,1.0
partition_key,listing_id,7597244,365,365.0,1.0
partition_key,listing_id,5736082,365,365.0,1.0
partition_key,listing_id,3697351,365,365.0,1.0
partition_key,listing_id,6958436,365,365.0,1.0
partition_key,listing_id,9652574,365,365.0,1.0
partition_key,listing_id,7109376,365,365.0,1.0
partition_key,listing_id,3534364,365,365.0,1.0
partition_key,listing_id,6671901,365,365.0,1.0
partition_key,listing_id,6370313,365,365.0,1.0
partition_key,listing_id,9863484,365,365.0,1.0
partition_key,listing_id,7249631,365,365.0,1.0
partition_key,listing_id,9183838,365,365.0,1.0
partition_key,listing_id,6222245,365,365.0,1.0
partition_key,listing_id,10292753,365,365.0,1.0
partition_key,listing_id,7760836,365,365.0,1.0
partition_key,listing_id,7324993,365,365.0,1.0
partition_key,listing_id,5760902,365,365.0,1.0
partition_key,listing_id,7035498,365,365.0,1.0
partition_key,listing_id,8956631,365,365.0,1.0
partition_key,listing_id,6766708,365,365.0,1.0
partition_key,listing_id,6992696,365,365.0,1.0
partition_key,listing_id,4264043,365,365.0,1.0
partition_key,listing_id,6186081,365,365.0,1.0
partition_key,listing_id,1472532,365,365.0,1.0
partition_key,listing_id,5900224,365,365.0,1.0
partition_key,listing_id,9374358,365,365.0,1.0
partition_key,listing_id,5874421,365,365.0,1.0
partition_key,listing_id,8829474,365,365.0,1.0
partition_key,listing_id,6228474,365,365.0,1.0
partition_key,listing_id,4637670,365,365.0,1.0
partition_key,listing_id,3995007,365,365.0,1.0
partition_key,listing_id,19611,365,365.0,1.0
partition_key,listing_id,10076279,365,365.0,1.0
partition_key,listing_id,1200829,365,365.0,1.0
partition_key,listing_id,3673759,365,365.0,1.0
partition_key,listing_id,206781,365,365.0,1.0
partition_key,listing_id,988176,365,365.0,1.0
partition_key,listing_id,3686556,365,365.0,1.0
partition_key,listing_id,2881446,365,365.0,1.0
partition_key,listing_id,9318853,365,365.0,1.0
partition_key,listing_id,6328150,365,365.0,1.0
partition_key,listing_id,2154617,365,365.0,1.0
partition_key,listing_id,6658052,365,365.0,1.0
partition_key,listing_id,6187841,365,365.0,1.0
partition_key,listing_id,9371895,365,365.0,1.0
partition_key,listing_id,4318031,365,365.0,1.0
partition_key,listing_id,6364549,365,365.0,1.0
partition_key,listing_id,8326940,365,365.0,1.0
partition_key,listing_id,7826593,365,365.0,1.0
partition_key,listing_id,8168476,365,365.0,1.0
partition_key,listing_id,6482984,365,365.0,1.0
partition_key,listing_id,6316917,365,365.0,1.0
partition_key,listing_id,7922581,365,365.0,1.0
partition_key,listing_id,4110396,365,365.0,1.0
partition_key,listing_id,5446176,365,365.0,1.0
partition_key,listing_id,4669377,365,365.0,1.0
partition_key,listing_id,4151430,365,365.0,1.0
partition_key,listing_id,5446513,365,365.0,1.0
partition_key,listing_id,3793185,365,365.0,1.0
partition_key,listing_id,937370,365,365.0,1.0
partition_key,listing_id,1833250,365,365.0,1.0
partition_key,listing_id,902243,365,365.0,1.0
partition_key,listing_id,4053644,365,365.0,1.0
partition_key,listing_id,1084046,365,365.0,1.0
partition_key,listing_id,8016481,365,365.0,1.0
partition_key,listing_id,8811781,365,365.0,1.0
partition_key,listing_id,4243163,365,365.0,1.0
partition_key,listing_id,4569115,365,365.0,1.0
partition_key,listing_id,4464824,365,365.0,1.0
partition_key,listing_id,9258513,365,365.0,1.0
partition_key,listing_id,4190771,365,365.0,1.0
partition_key,listing_id,3543084,365,365.0,1.0
partition_key,listing_id,6263270,365,365.0,1.0
partition_key,listing_id,7807169,365,365.0,1.0
partition_key,listing_id,844939,365,365.0,1.0
partition_key,listing_id,8890682,365,365.0,1.0
partition_key,listing_id,3998984,365,365.0,1.0
partition_key,listing_id,6315435,365,365.0,1.0
partition_key,listing_id,6704004,365,365.0,1.0
partition_key,listing_id,1797207,365,365.0,1.0
partition_key,listing_id,271509,365,365.0,1.0
partition_key,listing_id,10156116,365,365.0,1.0
partition_key,listing_id,4410789,365,365.0,1.0
partition_key,listing_id,9577993,365,365.0,1.0
partition_key,listing_id,9352620,365,365.0,1.0
partition_key,listing_id,9532957,365,365.0,1.0
partition_key,listing_id,8354452,365,365.0,1.0
partition_key,listing_id,9497431,365,365.0,1.0
partition_key,listing_id,217142,365,365.0,1.0
partition_key,listing_id,1732280,365,365.0,1.0
partition_key,listing_id,4240933,365,365.0,1.0
partition_key,listing_id,443942,365,365.0,1.0
partition_key,listing_id,6489648,365,365.0,1.0
partition_key,listing_id,8308386,365,365.0,1.0
partition_key,listing_id,8227038,365,365.0,1.0
partition_key,listing_id,2489339,365,365.0,1.0
partition_key,listing_id,8054892,365,365.0,1.0
partition_key,listing_id,1493197,365,365.0,1.0
partition_key,listing_id,4417792,365,365.0,1.0
partition_key,listing_id,5048597,365,365.0,1.0
partition_key,listing_id,6278191,365,365.0,1.0
partition_key,listing_id,8891577,365,365.0,1.0
partition_key,listing_id,4163306,365,365.0,1.0
partition_key,listing_id,59827,365,365.0,1.0
partition_key,listing_id,9505340,365,365.0,1.0
partition_key,listing_id,3992155,365,365.0,1.0
partition_key,listing_id,8571518,365,365.0,1.0
partition_key,listing_id,3820186,365,365.0,1.0
partition_key,listing_id,1084084,365,365.0,1.0
partition_key,listing_id,257140,365,365.0,1.0
partition_key,listing_id,8956628,365,365.0,1.0
partition_key,listing_id,8637174,365,365.0,1.0
partition_key,listing_id,8815061,365,365.0,1.0
partition_key,listing_id,4677524,365,365.0,1.0
partition_key,listing_id,3139847,365,365.0,1.0
partition_key,listing_id,6975036,365,365.0,1.0
partition_key,listing_id,4151093,365,365.0,1.0
partition_key,listing_id,4256558,365,365.0,1.0
partition_key,listing_id,2110357,365,365.0,1.0
partition_key,listing_id,8147986,365,365.0,1.0
partition_key,listing_id,2905375,365,365.0,1.0
partition_key,listing_id,4257097,365,365.0,1.0
partition_key,listing_id,931154,365,365.0,1.0
partition_key,listing_id,6370655,365,365.0,1.0
partition_key,listing_id,4363919,365,365.0,1.0
partition_key,listing_id,8722230,365,365.0,1.0
partition_key,listing_id,5019444,365,365.0,1.0
partition_key,listing_id,931758,365,365.0,1.0
partition_key,listing_id,301059,365,365.0,1.0
partition_key,listing_id,8815638,365,365.0,1.0
partition_key,listing_id,7264667,365,365.0,1.0
partition_key,listing_id,2068301,365,365.0,1.0
partition_key,listing_id,8487843,365,365.0,1.0
partition_key,listing_id,8608233,365,365.0,1.0
partition_key,listing_id,5446156,365,365.0,1.0
partition_key,listing_id,2691273,365,365.0,1.0
partition_key,listing_id,7807090,365,365.0,1.0
partition_key,listing_id,8306646,365,365.0,1.0
partition_key,listing_id,9666446,365,365.0,1.0
partition_key,listing_id,1055661,365,365.0,1.0
partition_key,listing_id,7806698,365,365.0,1.0
partition_key,listing_id,24212,365,365.0,1.0
partition_key,listing_id,8027776,365,365.0,1.0
partition_key,listing_id,6868378,365,365.0,1.0
partition_key,listing_id,7249508,365,365.0,1.0
partition_key,listing_id,7544337,365,365.0,1.0
partition_key,listing_id,19623,365,365.0,1.0
partition_key,listing_id,4210585,365,365.0,1.0
partition_key,listing_id,5784320,365,365.0,1.0
partition_key,listing_id,7347229,365,365.0,1.0
partition_key,listing_id,4676275,365,365.0,1.0
partition_key,listing_id,2489283,365,365.0,1.0
partition_key,listing_id,277416,365,365.0,1.0
partition_key,listing_id,7699356,365,365.0,1.0
partition_key,listing_id,5847934,365,365.0,1.0
partition_key,listing_id,9886971,365,365.0,1.0
partition_key,listing_id,5446180,365,365.0,1.0
partition_key,listing_id,4242626,365,365.0,1.0
partition_key,listing_id,3226793,365,365.0,1.0
partition_key,listing_id,23430,365,365.0,1.0
partition_key,listing_id,2186330,365,365.0,1.0
partition_key,listing_id,9477204,365,365.0,1.0
partition_key,listing_id,5683765,365,365.0,1.0
partition_key,listing_id,9900319,365,365.0,1.0
partition_key,listing_id,5691933,365,365.0,1.0
partition_key,listing_id,8829472,365,365.0,1.0
partition_key,listing_id,5183938,365,365.0,1.0
partition_key,listing_id,224763,365,365.0,1.0
partition_key,listing_id,4520179,365,365.0,1.0
partition_key,listing_id,9263252,365,365.0,1.0
partition_key,listing_id,284813,365,365.0,1.0
partition_key,listing_id,4402880,365,365.0,1.0
partition_key,listing_id,2660384,365,365.0,1.0
partition_key,listing_id,6973790,365,365.0,1.0
partition_key,listing_id,7116795,365,365.0,1.0
partition_key,listing_id,9910189,365,365.0,1.0
partition_key,listing_id,6854552,365,365.0,1.0
partition_key,listing_id,1857141,365,365.0,1.0
partition_key,listing_id,8668410,365,365.0,1.0
partition_key,listing_id,8517235,365,365.0,1.0
partition_key,listing_id,4311244,365,365.0,1.0
partition_key,listing_id,7616008,365,365.0,1.0
partition_key,listing_id,4776823,365,365.0,1.0
partition_key,listing_id,8082659,365,365.0,1.0
partition_key,listing_id,808134,365,365.0,1.0
partition_key,listing_id,8984454,365,365.0,1.0
partition_key,listing_id,6403878,365,365.0,1.0
partition_key,listing_id,8427254,365,365.0,1.0
partition_key,listing_id,529090,365,365.0,1.0
partition_key,listing_id,2392869,365,365.0,1.0
partition_key,listing_id,5289293,365,365.0,1.0
partition_key,listing_id,4783585,365,365.0,1.0
partition_key,listing_id,286080,365,365.0,1.0
partition_key,listing_id,1601714,365,365.0,1.0
partition_key,listing_id,9474025,365,365.0,1.0
partition_key,listing_id,5459895,365,365.0,1.0
partition_key,listing_id,7360078,365,365.0,1.0
partition_key,listing_id,8843162,365,365.0,1.0
partition_key,listing_id,8409750,365,365.0,1.0
partition_key,listing_id,6033201,365,365.0,1.0
partition_key,listing_id,5058302,365,365.0,1.0
partition_key,listing_id,4264056,365,365.0,1.0
partition_key,listing_id,1707064,365,365.0,1.0
partition_key,listing_id,8236094,365,365.0,1.0
partition_key,listing_id,8072907,365,365.0,1.0
partition_key,listing_id,4082986,365,365.0,1.0
partition_key,listing_id,9138600,365,365.0,1.0
partition_key,listing_id,7922197,365,365.0,1.0
partition_key,listing_id,10235014,365,365.0,1.0
partition_key,listing_id,4190689,365,365.0,1.0
partition_key,listing_id,3033913,365,365.0,1.0
partition_key,listing_id,6362918,365,365.0,1.0
partition_key,listing_id,2935486,365,365.0,1.0
partition_key,listing_id,9031119,365,365.0,1.0
partition_key,listing_id,5270886,365,365.0,1.0
partition_key,listing_id,59838,365,365.0,1.0
partition_key,listing_id,7727428,365,365.0,1.0
partition_key,listing_id,59708,365,365.0,1.0
partition_key,listing_id,1476298,365,365.0,1.0
partition_key,listing_id,6850007,365,365.0,1.0
partition_key,listing_id,8922554,365,365.0,1.0
partition_key,listing_id,7440415,365,365.0,1.0
partition_key,listing_id,6490091,365,365.0,1.0
partition_key,listing_id,9311687,365,365.0,1.0
partition_key,listing_id,8103365,365,365.0,1.0
partition_key,listing_id,631445,365,365.0,1.0
partition_key,listing_id,6545773,365,365.0,1.0
partition_key,listing_id,8036985,365,365.0,1.0
partition_key,listing_id,9699490,365,365.0,1.0
partition_key,listing_id,4661374,365,365.0,1.0
partition_key,listing_id,365550,365,365.0,1.0
partition_key,listing_id,7777381,365,365.0,1.0
partition_key,listing_id,1778989,365,365.0,1.0
partition_key,listing_id,5031285,365,365.0,1.0
partition_key,listing_id,5031383,365,365.0,1.0
partition_key,listing_id,9685856,365,365.0,1.0
partition_key,listing_id,208356,365,365.0,1.0
partition_key,listing_id,9449062,365,365.0,1.0
partition_key,listing_id,3552523,365,365.0,1.0
partition_key,listing_id,3487824,365,365.0,1.0
partition_key,listing_id,8501705,365,365.0,1.0
partition_key,listing_id,10140582,365,365.0,1.0
partition_key,listing_id,8068232,365,365.0,1.0
partition_key,listing_id,1709737,365,365.0,1.0
partition_key,listing_id,9408991,365,365.0,1.0
partition_key,listing_id,7110655,365,365.0,1.0
partition_key,listing_id,9012948,365,365.0,1.0
partition_key,listing_id,8372038,365,365.0,1.0
partition_key,listing_id,2051658,365,365.0,1.0
partition_key,listing_id,7506165,365,365.0,1.0
partition_key,listing_id,7311407,365,365.0,1.0
partition_key,listing_id,397117,365,365.0,1.0
partition_key,listing_id,4516960,365,365.0,1.0
partition_key,listing_id,9089308,365,365.0,1.0
partition_key,listing_id,934123,365,365.0,1.0
partition_key,listing_id,3891695,365,365.0,1.0
partition_key,listing_id,6514446,365,365.0,1.0
partition_key,listing_id,9863312,365,365.0,1.0
partition_key,listing_id,8805211,365,365.0,1.0
partition_key,listing_id,7954781,365,365.0,1.0
partition_key,listing_id,2944021,365,365.0,1.0
partition_key,listing_id,4395349,365,365.0,1.0
partition_key,listing_id,3282000,365,365.0,1.0
partition_key,listing_id,6687939,365,365.0,1.0
partition_key,listing_id,6613192,365,365.0,1.0
partition_key,listing_id,9900303,365,365.0,1.0
partition_key,listing_id,7860710,365,365.0,1.0
partition_key,listing_id,7510776,365,365.0,1.0
partition_key,listing_id,6773472,365,365.0,1.0
partition_key,listing_id,7965184,365,365.0,1.0
partition_key,listing_id,9183380,365,365.0,1.0
partition_key,listing_id,9201292,365,365.0,1.0
partition_key,listing_id,7332364,365,365.0,1.0
partition_key,listing_id,9028315,365,365.0,1.0
partition_key,listing_id,9939025,365,365.0,1.0
partition_key,listing_id,8100190,365,365.0,1.0
partition_key,listing_id,935671,365,365.0,1.0
partition_key,listing_id,936177,365,365.0,1.0
partition_key,listing_id,922986,365,365.0,1.0
partition_key,listing_id,1200083,365,365.0,1.0
partition_key,listing_id,935432,365,365.0,1.0
partition_key,listing_id,604600,365,365.0,1.0
partition_key,listing_id,1251763,365,365.0,1.0
partition_key,listing_id,7517684,365,365.0,1.0
partition_key,listing_id,607788,365,365.0,1.0
partition_key,listing_id,6278361,365,365.0,1.0
partition_key,listing_id,936378,365,365.0,1.0
partition_key,listing_id,7350870,365,365.0,1.0
partition_key,listing_id,92835,365,365.0,1.0
partition_key,listing_id,4009508,365,365.0,1.0
partition_key,listing_id,935862,365,365.0,1.0
partition_key,listing_id,8187537,365,365.0,1.0
partition_key,listing_id,10132385,365,365.0,1.0
partition_key,listing_id,9516114,365,365.0,1.0
partition_key,listing_id,2749725,365,365.0,1.0
partition_key,listing_id,9813231,365,365.0,1.0
partition_key,listing_id,8101251,365,365.0,1.0
partition_key,listing_id,5201816,365,365.0,1.0
partition_key,listing_id,9329068,365,365.0,1.0
partition_key,listing_id,8704438,365,365.0,1.0
partition_key,listing_id,8052542,365,365.0,1.0
partition_key,listing_id,4251426,365,365.0,1.0
partition_key,listing_id,6020744,365,365.0,1.0
partition_key,listing_id,4251235,365,365.0,1.0
partition_key,listing_id,8093529,365,365.0,1.0
partition_key,listing_id,654734,365,365.0,1.0
partition_key,listing_id,3489083,365,365.0,1.0
partition_key,listing_id,8691263,365,365.0,1.0
partition_key,listing_id,3971934,365,365.0,1.0
partition_key,listing_id,7732071,365,365.0,1.0
partition_key,listing_id,1251813,365,365.0,1.0
partition_key,listing_id,10247453,365,365.0,1.0
partition_key,listing_id,6740521,365,365.0,1.0
partition_key,listing_id,2955782,365,365.0,1.0
partition_key,listing_id,6691324,365,365.0,1.0
partition_key,listing_id,8568567,365,365.0,1.0
partition_key,listing_id,1251707,365,365.0,1.0
partition_key,listing_id,10125020,365,365.0,1.0
partition_key,listing_id,931785,365,365.0,1.0
partition_key,listing_id,7763613,365,365.0,1.0
partition_key,listing_id,9574602,365,365.0,1.0
partition_key,listing_id,9024838,365,365.0,1.0
partition_key,listing_id,8427227,365,365.0,1.0
partition_key,listing_id,6993019,365,365.0,1.0
partition_key,listing_id,6746826,365,365.0,1.0
partition_key,listing_id,3592838,365,365.0,1.0
partition_key,listing_id,1954452,365,365.0,1.0
partition_key,listing_id,1651324,365,365.0,1.0
partition_key,listing_id,8016646,365,365.0,1.0
partition_key,listing_id,6115704,365,365.0,1.0
partition_key,listing_id,9237535,365,365.0,1.0
partition_key,listing_id,2191633,365,365.0,1.0
partition_key,listing_id,7451624,365,365.0,1.0
partition_key,listing_id,8311242,365,365.0,1.0
partition_key,listing_id,3977605,365,365.0,1.0
partition_key,listing_id,6344566,365,365.0,1.0
partition_key,listing_id,2191169,365,365.0,1.0
partition_key,listing_id,5213468,365,365.0,1.0
partition_key,listing_id,9822759,365,365.0,1.0
partition_key,listing_id,945645,365,365.0,1.0
partition_key,listing_id,8193241,365,365.0,1.0
partition_key,listing_id,6916167,365,365.0,1.0
partition_key,listing_id,6941113,365,365.0,1.0
partition_key,listing_id,2621746,365,365.0,1.0
partition_key,listing_id,449602,365,365.0,1.0
partition_key,listing_id,1724849,365,365.0,1.0
partition_key,listing_id,3868138,365,365.0,1.0
partition_key,listing_id,8193054,365,365.0,1.0
partition_key,listing_id,6807981,365,365.0,1.0
partition_key,listing_id,1163345,365,365.0,1.0
partition_key,listing_id,6436727,365,365.0,1.0
partition_key,listing_id,8553556,365,365.0,1.0
partition_key,listing_id,7389483,365,365.0,1.0
partition_key,listing_id,1901706,365,365.0,1.0
partition_key,listing_id,4137114,365,365.0,1.0
partition_key,listing_id,5249093,365,365.0,1.0
partition_key,listing_id,356608,365,365.0,1.0
partition_key,listing_id,5270223,365,365.0,1.0
partition_key,listing_id,7824870,365,365.0,1.0
partition_key,listing_id,828298,365,365.0,1.0
partition_key,listing_id,8446347,365,365.0,1.0
partition_key,listing_id,5989894,365,365.0,1.0
partition_key,listing_id,7699495,365,365.0,1.0
partition_key,listing_id,3270492,365,365.0,1.0
partition_key,listing_id,5372156,365,365.0,1.0
partition_key,listing_id,2933877,365,365.0,1.0
partition_key,listing_id,4943016,365,365.0,1.0
partition_key,listing_id,3624990,365,365.0,1.0
partition_key,listing_id,7391003,365,365.0,1.0
partition_key,listing_id,9922140,365,365.0,1.0
partition_key,listing_id,10126199,365,365.0,1.0
partition_key,listing_id,6752031,365,365.0,1.0
partition_key,listing_id,1815304,365,365.0,1.0
partition_key,listing_id,10211716,365,365.0,1.0
partition_key,listing_id,3793047,365,365.0,1.0
partition_key,listing_id,353039,365,365.0,1.0
partition_key,listing_id,5218550,365,365.0,1.0
partition_key,listing_id,7809494,365,365.0,1.0
partition_key,listing_id,6627403,365,365.0,1.0
partition_key,listing_id,8065715,365,365.0,1.0
partition_key,listing_id,7431247,365,365.0,1.0
partition_key,listing_id,9460,365,365.0,1.0
partition_key,listing_id,6993978,365,365.0,1.0
partition_key,listing_id,9979329,365,365.0,1.0
partition_key,listing_id,9061868,365,365.0,1.0
partition_key,listing_id,1246769,365,365.0,1.0
partition_key,listing_id,1107845,365,365.0,1.0
partition_key,listing_id,1583047,365,365.0,1.0
partition_key,listing_id,7735282,365,365.0,1.0
partition_key,listing_id,7710713,365,365.0,1.0
partition_key,listing_id,7735313,365,365.0,1.0
partition_key,listing_id,8869027,365,365.0,1.0
partition_key,listing_id,9781881,365,365.0,1.0
partition_key,listing_id,6239907,365,365.0,1.0
partition_key,listing_id,6315269,365,365.0,1.0
partition_key,listing_id,9318524,365,365.0,1.0
partition_key,listing_id,6812415,365,365.0,1.0
partition_key,listing_id,7118258,365,365.0,1.0
partition_key,listing_id,8505421,365,365.0,1.0
partition_key,listing_id,6246861,365,365.0,1.0
partition_key,listing_id,7828222,365,365.0,1.0
partition_key,listing_id,7533901,365,365.0,1.0
partition_key,listing_id,3803947,365,365.0,1.0
partition_key,listing_id,2943860,365,365.0,1.0
partition_key,listing_id,7388225,365,365.0,1.0
partition_key,listing_id,2620429,365,365.0,1.0
partition_key,listing_id,5036739,365,365.0,1.0
partition_key,listing_id,2978929,365,365.0,1.0
partition_key,listing_id,7699096,365,365.0,1.0
partition_key,listing_id,4439293,365,365.0,1.0
partition_key,listing_id,580815,365,365.0,1.0
partition_key,listing_id,5315169,365,365.0,1.0
partition_key,listing_id,3906076,365,365.0,1.0
partition_key,listing_id,4566609,365,365.0,1.0
partition_key,listing_id,9304465,365,365.0,1.0
partition_key,listing_id,1136984,365,365.0,1.0
partition_key,listing_id,6494181,365,365.0,1.0
partition_key,listing_id,4494947,365,365.0,1.0
partition_key,listing_id,9533648,365,365.0,1.0
partition_key,listing_id,284087,365,365.0,1.0
partition_key,listing_id,2825852,365,365.0,1.0
partition_key,listing_id,8817033,365,365.0,1.0
partition_key,listing_id,9097503,365,365.0,1.0
partition_key,listing_id,10211609,365,365.0,1.0
partition_key,listing_id,1684236,365,365.0,1.0
partition_key,listing_id,1159226,365,365.0,1.0
partition_key,listing_id,9318440,365,365.0,1.0
partition_key,listing_id,7884782,365,365.0,1.0
partition_key,listing_id,9236961,365,365.0,1.0
partition_key,listing_id,8065531,365,365.0,1.0
partition_key,listing_id,8342429,365,365.0,1.0
partition_key,listing_id,2149219,365,365.0,1.0
partition_key,listing_id,7678814,365,365.0,1.0
partition_key,listing_id,9432322,365,365.0,1.0
partition_key,listing_id,4410544,365,365.0,1.0
partition_key,listing_id,8129676,365,365.0,1.0
partition_key,listing_id,4614955,365,365.0,1.0
partition_key,listing_id,1043194,365,365.0,1.0
partition_key,listing_id,8385687,365,365.0,1.0
partition_key,listing_id,8579782,365,365.0,1.0
partition_key,listing_id,9908825,365,365.0,1.0
partition_key,listing_id,9530877,365,365.0,1.0
partition_key,listing_id,8441263,365,365.0,1.0
partition_key,listing_id,9530788,365,365.0,1.0
partition_key,listing_id,3394936,365,365.0,1.0
partition_key,listing_id,6882518,365,365.0,1.0
partition_key,listing_id,4031625,365,365.0,1.0
partition_key,listing_id,4494948,365,365.0,1.0
partition_key,listing_id,4616695,365,365.0,1.0
partition_key,listing_id,4106041,365,365.0,1.0
partition_key,listing_id,2532879,365,365.0,1.0
partition_key,listing_id,4752817,365,365.0,1.0
partition_key,listing_id,6808970,365,365.0,1.0
partition_key,listing_id,1157083,365,365.0,1.0
partition_key,listing_id,6226666,365,365.0,1.0
partition_key,listing_id,9151374,365,365.0,1.0
partition_key,listing_id,6807884,365,365.0,1.0
partition_key,listing_id,1761870,365,365.0,1.0
partition_key,listing_id,6949900,365,365.0,1.0
partition_key,listing_id,5126446,365,365.0,1.0
partition_key,listing_id,8341720,365,365.0,1.0
partition_key,listing_id,8355276,365,365.0,1.0
partition_key,listing_id,7920539,365,365.0,1.0
partition_key,listing_id,7598743,365,365.0,1.0
partition_key,listing_id,7916754,365,365.0,1.0
partition_key,listing_id,7956227,365,365.0,1.0
partition_key,listing_id,4706111,365,365.0,1.0
partition_key,listing_id,8016309,365,365.0,1.0
partition_key,listing_id,5793477,365,365.0,1.0
partition_key,listing_id,2926776,365,365.0,1.0
partition_key,listing_id,8443258,365,365.0,1.0
partition_key,listing_id,7577073,365,365.0,1.0
partition_key,listing_id,6838418,365,365.0,1.0
partition_key,listing_id,6852243,365,365.0,1.0
partition_key,listing_id,9317101,365,365.0,1.0
partition_key,listing_id,6555128,365,365.0,1.0
partition_key,listing_id,6228959,365,365.0,1.0
partition_key,listing_id,8446689,365,365.0,1.0
partition_key,listing_id,8064351,365,365.0,1.0
partition_key,listing_id,6662639,365,365.0,1.0
partition_key,listing_id,3273240,365,365.0,1.0
partition_key,listing_id,5957039,365,365.0,1.0
partition_key,listing_id,3449059,365,365.0,1.0
partition_key,listing_id,789229,365,365.0,1.0
partition_key,listing_id,4008373,365,365.0,1.0
partition_key,listing_id,5913611,365,365.0,1.0
partition_key,listing_id,8310576,365,365.0,1.0
partition_key,listing_id,4811583,365,365.0,1.0
partition_key,listing_id,3333971,365,365.0,1.0
partition_key,listing_id,4226386,365,365.0,1.0
partition_key,listing_id,3497530,365,365.0,1.0
partition_key,listing_id,8338155,365,365.0,1.0
partition_key,listing_id,1080097,365,365.0,1.0
partition_key,listing_id,4593740,365,365.0,1.0
partition_key,listing_id,6747473,365,365.0,1.0
partition_key,listing_id,3821663,365,365.0,1.0
partition_key,listing_id,5021969,365,365.0,1.0
partition_key,listing_id,4574039,365,365.0,1.0
partition_key,listing_id,4105164,365,365.0,1.0
partition_key,listing_id,2865992,365,365.0,1.0
partition_key,listing_id,1205666,365,365.0,1.0
partition_key,listing_id,5651254,365,365.0,1.0
partition_key,listing_id,1594412,365,365.0,1.0
partition_key,listing_id,7717653,365,365.0,1.0
partition_key,listing_id,4808896,365,365.0,1.0
partition_key,listing_id,7533537,365,365.0,1.0
partition_key,listing_id,5978216,365,365.0,1.0
partition_key,listing_id,6134382,365,365.0,1.0
partition_key,listing_id,9813684,365,365.0,1.0
partition_key,listing_id,9846066,365,365.0,1.0
partition_key,listing_id,10122924,365,365.0,1.0
partition_key,listing_id,1259305,365,365.0,1.0
partition_key,listing_id,7452021,365,365.0,1.0
partition_key,listing_id,193836,365,365.0,1.0
partition_key,listing_id,7902229,365,365.0,1.0
partition_key,listing_id,3994397,365,365.0,1.0
partition_key,listing_id,6744143,365,365.0,1.0
partition_key,listing_id,6554352,365,365.0,1.0
partition_key,listing_id,9186256,365,365.0,1.0
partition_key,listing_id,9219567,365,365.0,1.0
partition_key,listing_id,6278680,365,365.0,1.0
partition_key,listing_id,5252543,365,365.0,1.0
partition_key,listing_id,9296887,365,365.0,1.0
partition_key,listing_id,8431178,365,365.0,1.0
partition_key,listing_id,353347,365,365.0,1.0
partition_key,listing_id,838764,365,365.0,1.0
partition_key,listing_id,7349029,365,365.0,1.0
partition_key,listing_id,8194782,365,365.0,1.0
partition_key,listing_id,8703208,365,365.0,1.0
partition_key,listing_id,10339145,365,365.0,1.0
partition_key,listing_id,3251016,365,365.0,1.0
partition_key,listing_id,7513623,365,365.0,1.0
partition_key,listing_id,9521903,365,365.0,1.0
partition_key,listing_id,4379551,365,365.0,1.0
partition_key,listing_id,803902,365,365.0,1.0
partition_key,listing_id,5686178,365,365.0,1.0
partition_key,listing_id,8617043,365,365.0,1.0
partition_key,listing_id,9545664,365,365.0,1.0
partition_key,listing_id,7096547,365,365.0,1.0
partition_key,listing_id,8784239,365,365.0,1.0
partition_key,listing_id,3168651,365,365.0,1.0
partition_key,listing_id,7776701,365,365.0,1.0
partition_key,listing_id,5862552,365,365.0,1.0
partition_key,listing_id,9696532,365,365.0,1.0
partition_key,listing_id,6412566,365,365.0,1.0
partition_key,listing_id,6578147,365,365.0,1.0
partition_key,listing_id,4022127,365,365.0,1.0
partition_key,listing_id,3265292,365,365.0,1.0
partition_key,listing_id,3505739,365,365.0,1.0
partition_key,listing_id,9174507,365,365.0,1.0
partition_key,listing_id,9796540,365,365.0,1.0
partition_key,listing_id,3005854,365,365.0,1.0
partition_key,listing_id,3898692,365,365.0,1.0
partition_key,listing_id,7502246,365,365.0,1.0
partition_key,listing_id,6002165,365,365.0,1.0
partition_key,listing_id,4887845,365,365.0,1.0
partition_key,listing_id,8132007,365,365.0,1.0
partition_key,listing_id,10183490,365,365.0,1.0
partition_key,listing_id,8170683,365,365.0,1.0
partition_key,listing_id,5229971,365,365.0,1.0
partition_key,listing_id,4597013,365,365.0,1.0
partition_key,listing_id,3818746,365,365.0,1.0
partition_key,listing_id,6644854,365,365.0,1.0
partition_key,listing_id,117165,365,365.0,1.0
partition_key,listing_id,5015262,365,365.0,1.0
partition_key,listing_id,3868844,365,365.0,1.0
partition_key,listing_id,7455068,365,365.0,1.0
partition_key,listing_id,8102349,365,365.0,1.0
partition_key,listing_id,6694276,365,365.0,1.0
partition_key,listing_id,8373832,365,365.0,1.0
partition_key,listing_id,426089,365,365.0,1.0
partition_key,listing_id,7561333,365,365.0,1.0
partition_key,listing_id,2638086,365,365.0,1.0
partition_key,listing_id,10121329,365,365.0,1.0
partition_key,listing_id,5324459,365,365.0,1.0
partition_key,listing_id,233502,365,365.0,1.0
partition_key,listing_id,7651148,365,365.0,1.0
partition_key,listing_id,86185,365,365.0,1.0
partition_key,listing_id,2522091,365,365.0,1.0
partition_key,listing_id,7665392,365,365.0,1.0
partition_key,listing_id,1000883,365,365.0,1.0
partition_key,listing_id,7563243,365,365.0,1.0
partition_key,listing_id,251922,365,365.0,1.0
partition_key,listing_id,1225820,365,365.0,1.0
partition_key,listing_id,353110,365,365.0,1.0
partition_key,listing_id,4384800,365,365.0,1.0
partition_key,listing_id,8538630,365,365.0,1.0
partition_key,listing_id,5751177,365,365.0,1.0
partition_key,listing_id,3124961,365,365.0,1.0
partition_key,listing_id,6436772,365,365.0,1.0
partition_key,listing_id,7499506,365,365.0,1.0
partition_key,listing_id,3403858,365,365.0,1.0
partition_key,listing_id,746380,365,365.0,1.0
partition_key,listing_id,7229743,365,365.0,1.0
partition_key,listing_id,7547611,365,365.0,1.0
partition_key,listing_id,2906694,365,365.0,1.0
partition_key,listing_id,7454026,365,365.0,1.0
partition_key,listing_id,4651974,365,365.0,1.0
partition_key,listing_id,6847052,365,365.0,1.0
partition_key,listing_id,1538865,365,365.0,1.0
partition_key,listing_id,3061918,365,365.0,1.0
partition_key,listing_id,7773851,365,365.0,1.0
partition_key,listing_id,2536507,365,365.0,1.0
partition_key,listing_id,8409773,365,365.0,1.0
partition_key,listing_id,7131797,365,365.0,1.0
partition_key,listing_id,10331249,365,365.0,1.0
partition_key,listing_id,9883943,365,365.0,1.0
partition_key,listing_id,6956938,365,365.0,1.0
partition_key,listing_id,7869223,365,365.0,1.0
partition_key,listing_id,7278583,365,365.0,1.0
partition_key,listing_id,6796246,365,365.0,1.0
partition_key,listing_id,5991734,365,365.0,1.0
partition_key,listing_id,6515046,365,365.0,1.0
partition_key,listing_id,8538420,365,365.0,1.0
partition_key,listing_id,7800143,365,365.0,1.0
partition_key,listing_id,7651602,365,365.0,1.0
partition_key,listing_id,461567,365,365.0,1.0
partition_key,listing_id,9736940,365,365.0,1.0
partition_key,listing_id,210316,365,365.0,1.0
partition_key,listing_id,4581124,365,365.0,1.0
partition_key,listing_id,6403104,365,365.0,1.0
partition_key,listing_id,7071331,365,365.0,1.0
partition_key,listing_id,3883137,365,365.0,1.0
partition_key,listing_id,9858690,365,365.0,1.0
partition_key,listing_id,6657574,365,365.0,1.0
partition_key,listing_id,566435,365,365.0,1.0
partition_key,listing_id,226495,365,365.0,1.0
partition_key,listing_id,9394485,365,365.0,1.0
partition_key,listing_id,8116504,365,365.0,1.0
partition_key,listing_id,80188,365,365.0,1.0
partition_key,listing_id,9696286,365,365.0,1.0
partition_key,listing_id,7788695,365,365.0,1.0
partition_key,listing_id,1289082,365,365.0,1.0
partition_key,listing_id,3656508,365,365.0,1.0
partition_key,listing_id,8119192,365,365.0,1.0
partition_key,listing_id,5487653,365,365.0,1.0
partition_key,listing_id,493591,365,365.0,1.0
partition_key,listing_id,9534,365,365.0,1.0
partition_key,listing_id,6902752,365,365.0,1.0
partition_key,listing_id,7902569,365,365.0,1.0
partition_key,listing_id,9531,365,365.0,1.0
partition_key,listing_id,5759668,365,365.0,1.0
partition_key,listing_id,17951,365,365.0,1.0
partition_key,listing_id,4030640,365,365.0,1.0
partition_key,listing_id,4395654,365,365.0,1.0
partition_key,listing_id,6759046,365,365.0,1.0
partition_key,listing_id,10020782,365,365.0,1.0
partition_key,listing_id,1252147,365,365.0,1.0
partition_key,listing_id,5652705,365,365.0,1.0
partition_key,listing_id,9410043,365,365.0,1.0
partition_key,listing_id,46022,365,365.0,1.0
partition_key,listing_id,4996554,365,365.0,1.0
partition_key,listing_id,692080,365,365.0,1.0
partition_key,listing_id,153967,365,365.0,1.0
partition_key,listing_id,9328278,365,365.0,1.0
partition_key,listing_id,8566242,365,365.0,1.0
partition_key,listing_id,6567683,365,365.0,1.0
partition_key,listing_id,6794702,365,365.0,1.0
partition_key,listing_id,7746170,365,365.0,1.0
partition_key,listing_id,157939,365,365.0,1.0
partition_key,listing_id,7459637,365,365.0,1.0
partition_key,listing_id,6079131,365,365.0,1.0
partition_key,listing_id,158953,365,365.0,1.0
partition_key,listing_id,8342968,365,365.0,1.0
partition_key,listing_id,6512979,365,365.0,1.0
partition_key,listing_id,7886656,365,365.0,1.0
partition_key,listing_id,4378803,365,365.0,1.0
partition_key,listing_id,7791010,365,365.0,1.0
partition_key,listing_id,6452927,365,365.0,1.0
partition_key,listing_id,8066883,365,365.0,1.0
partition_key,listing_id,8209686,365,365.0,1.0
partition_key,listing_id,8017832,365,365.0,1.0
partition_key,listing_id,7988300,365,365.0,1.0
partition_key,listing_id,2818292,365,365.0,1.0
partition_key,listing_id,4910140,365,365.0,1.0
partition_key,listing_id,9110730,365,365.0,1.0
partition_key,listing_id,6762958,365,365.0,1.0
partition_key,listing_id,8503556,365,365.0,1.0
partition_key,listing_id,6448099,365,365.0,1.0
partition_key,listing_id,4564730,365,365.0,1.0
partition_key,listing_id,50233,365,365.0,1.0
partition_key,listing_id,3402376,365,365.0,1.0
partition_key,listing_id,8782852,365,365.0,1.0
partition_key,listing_id,9098494,365,365.0,1.0
partition_key,listing_id,6977095,365,365.0,1.0
partition_key,listing_id,6748502,365,365.0,1.0
partition_key,listing_id,6823837,365,365.0,1.0
partition_key,listing_id,9298045,365,365.0,1.0
partition_key,listing_id,7988436,365,365.0,1.0
partition_key,listing_id,9615941,365,365.0,1.0
partition_key,listing_id,8631419,365,365.0,1.0
partition_key,listing_id,8919070,365,365.0,1.0
partition_key,listing_id,7836953,365,365.0,1.0
partition_key,listing_id,3281072,365,365.0,1.0
partition_key,listing_id,10252110,365,365.0,1.0
partition_key,listing_id,5958674,365,365.0,1.0
partition_key,listing_id,8307502,365,365.0,1.0
partition_key,listing_id,5958194,365,365.0,1.0
partition_key,listing_id,4121334,365,365.0,1.0
partition_key,listing_id,598023,365,365.0,1.0
partition_key,listing_id,6958603,365,365.0,1.0
partition_key,listing_id,7390195,365,365.0,1.0
partition_key,listing_id,4271174,365,365.0,1.0
partition_key,listing_id,3237501,365,365.0,1.0
partition_key,listing_id,6438013,365,365.0,1.0
partition_key,listing_id,10309898,365,365.0,1.0
partition_key,listing_id,2134911,365,365.0,1.0
partition_key,listing_id,5002964,365,365.0,1.0
partition_key,listing_id,6780615,365,365.0,1.0
partition_key,listing_id,2586642,365,365.0,1.0
partition_key,listing_id,9490093,365,365.0,1.0
partition_key,listing_id,1815472,365,365.0,1.0
partition_key,listing_id,8566475,365,365.0,1.0
partition_key,listing_id,10205366,365,365.0,1.0
partition_key,listing_id,2919571,365,365.0,1.0
partition_key,listing_id,1484651,365,365.0,1.0
partition_key,listing_id,6327506,365,365.0,1.0
partition_key,listing_id,3544964,365,365.0,1.0
partition_key,listing_id,7763298,365,365.0,1.0
partition_key,listing_id,5873892,365,365.0,1.0
partition_key,listing_id,41401,365,365.0,1.0
partition_key,listing_id,6646985,365,365.0,1.0
partition_key,listing_id,3582883,365,365.0,1.0
partition_key,listing_id,6939472,365,365.0,1.0
partition_key,listing_id,4518037,365,365.0,1.0
partition_key,listing_id,3951768,365,365.0,1.0
partition_key,listing_id,7007598,365,365.0,1.0
partition_key,listing_id,7800238,365,365.0,1.0
partition_key,listing_id,4581256,365,365.0,1.0
partition_key,listing_id,4163851,365,365.0,1.0
partition_key,listing_id,479653,365,365.0,1.0
partition_key,listing_id,6647442,365,365.0,1.0
partition_key,listing_id,7247518,365,365.0,1.0
partition_key,listing_id,6831239,365,365.0,1.0
partition_key,listing_id,108765,365,365.0,1.0
partition_key,listing_id,8174943,365,365.0,1.0
partition_key,listing_id,6360895,365,365.0,1.0
partition_key,listing_id,6363765,365,365.0,1.0
partition_key,listing_id,6183330,365,365.0,1.0
partition_key,listing_id,2612025,365,365.0,1.0
partition_key,listing_id,7630155,365,365.0,1.0
partition_key,listing_id,8118346,365,365.0,1.0
partition_key,listing_id,6105021,365,365.0,1.0
partition_key,listing_id,10299108,365,365.0,1.0
partition_key,listing_id,6626493,365,365.0,1.0
partition_key,listing_id,573942,365,365.0,1.0
partition_key,listing_id,9314106,365,365.0,1.0
partition_key,listing_id,9814376,365,365.0,1.0
partition_key,listing_id,9564093,365,365.0,1.0
partition_key,listing_id,1652107,365,365.0,1.0
partition_key,listing_id,609252,365,365.0,1.0
partition_key,listing_id,942490,365,365.0,1.0
partition_key,listing_id,8653722,365,365.0,1.0
partition_key,listing_id,7562591,365,365.0,1.0
partition_key,listing_id,9636238,365,365.0,1.0
partition_key,listing_id,823989,365,365.0,1.0
partition_key,listing_id,7596934,365,365.0,1.0
partition_key,listing_id,6832592,365,365.0,1.0
partition_key,listing_id,3922853,365,365.0,1.0
partition_key,listing_id,9475641,365,365.0,1.0
partition_key,listing_id,8718936,365,365.0,1.0
partition_key,listing_id,9075558,365,365.0,1.0
partition_key,listing_id,671828,365,365.0,1.0
partition_key,listing_id,6660186,365,365.0,1.0
partition_key,listing_id,716829,365,365.0,1.0
partition_key,listing_id,3916050,365,365.0,1.0
partition_key,listing_id,2187906,365,365.0,1.0
partition_key,listing_id,9091301,365,365.0,1.0
partition_key,listing_id,9048584,365,365.0,1.0
partition_key,listing_id,7382368,365,365.0,1.0
partition_key,listing_id,5278993,365,365.0,1.0
partition_key,listing_id,8717758,365,365.0,1.0
partition_key,listing_id,10299195,365,365.0,1.0
partition_key,listing_id,7064681,365,365.0,1.0
partition_key,listing_id,1935439,365,365.0,1.0
partition_key,listing_id,5931372,365,365.0,1.0
partition_key,listing_id,1984692,365,365.0,1.0
partition_key,listing_id,4360604,365,365.0,1.0
partition_key,listing_id,9712348,365,365.0,1.0
partition_key,listing_id,7151107,365,365.0,1.0
partition_key,listing_id,7935437,365,365.0,1.0
partition_key,listing_id,6364753,365,365.0,1.0
partition_key,listing_id,7952032,365,365.0,1.0
partition_key,listing_id,6166307,365,365.0,1.0
partition_key,listing_id,3282760,365,365.0,1.0
partition_key,listing_id,6411259,365,365.0,1.0
partition_key,listing_id,670262,365,365.0,1.0
partition_key,listing_id,8411663,365,365.0,1.0
partition_key,listing_id,6926511,365,365.0,1.0
partition_key,listing_id,9908591,365,365.0,1.0
partition_key,listing_id,5640722,365,365.0,1.0
partition_key,listing_id,6701018,365,365.0,1.0
partition_key,listing_id,3653575,365,365.0,1.0
partition_key,listing_id,7647221,365,365.0,1.0
partition_key,listing_id,3637180,365,365.0,1.0
partition_key,listing_id,6215199,365,365.0,1.0
partition_key,listing_id,714043,365,365.0,1.0
partition_key,listing_id,3890990,365,365.0,1.0
partition_key,listing_id,4038347,365,365.0,1.0
partition_key,listing_id,523883,365,365.0,1.0
partition_key,listing_id,4111954,365,365.0,1.0
partition_key,listing_id,4693488,365,365.0,1.0
partition_key,listing_id,5127136,365,365.0,1.0
partition_key,listing_id,7674720,365,365.0,1.0
partition_key,listing_id,8028801,365,365.0,1.0
partition_key,listing_id,9050781,365,365.0,1.0
partition_key,listing_id,178844,365,365.0,1.0
partition_key,listing_id,8034871,365,365.0,1.0
partition_key,listing_id,3208330,365,365.0,1.0
partition_key,listing_id,9492036,365,365.0,1.0
partition_key,listing_id,4863533,365,365.0,1.0
partition_key,listing_id,4360485,365,365.0,1.0
partition_key,listing_id,8194286,365,365.0,1.0
partition_key,listing_id,5524847,365,365.0,1.0
partition_key,listing_id,9236814,365,365.0,1.0
partition_key,listing_id,8483744,365,365.0,1.0
partition_key,listing_id,609421,365,365.0,1.0
partition_key,listing_id,3543247,365,365.0,1.0
partition_key,listing_id,4567243,365,365.0,1.0
partition_key,listing_id,749758,365,365.0,1.0
partition_key,listing_id,4854767,365,365.0,1.0
partition_key,listing_id,8129537,365,365.0,1.0
partition_key,listing_id,5014835,365,365.0,1.0
partition_key,listing_id,421168,365,365.0,1.0
partition_key,listing_id,58503,365,365.0,1.0
partition_key,listing_id,7881802,365,365.0,1.0
partition_key,listing_id,9562586,365,365.0,1.0
partition_key,listing_id,10340165,365,365.0,1.0
partition_key,listing_id,370361,365,365.0,1.0
partition_key,listing_id,3753645,365,365.0,1.0
partition_key,listing_id,3535171,365,365.0,1.0
partition_key,listing_id,2037250,365,365.0,1.0
partition_key,listing_id,2605975,365,365.0,1.0
partition_key,listing_id,4825472,365,365.0,1.0
partition_key,listing_id,5500398,365,365.0,1.0
partition_key,listing_id,587584,365,365.0,1.0
partition_key,listing_id,1220816,365,365.0,1.0
partition_key,listing_id,354453,365,365.0,1.0
partition_key,listing_id,9576550,365,365.0,1.0
partition_key,listing_id,3793790,365,365.0,1.0
partition_key,listing_id,9013210,365,365.0,1.0
partition_key,listing_id,9863457,365,365.0,1.0
partition_key,listing_id,23356,365,365.0,1.0
partition_key,listing_id,6425537,365,365.0,1.0
partition_key,listing_id,7921453,365,365.0,1.0
partition_key,listing_id,8634897,365,365.0,1.0
partition_key,listing_id,3604931,365,365.0,1.0
partition_key,listing_id,6937492,365,365.0,1.0
partition_key,listing_id,1048798,365,365.0,1.0
partition_key,listing_id,613020,365,365.0,1.0
partition_key,listing_id,9109293,365,365.0,1.0
partition_key,listing_id,6215943,365,365.0,1.0
partition_key,listing_id,4069543,365,365.0,1.0
partition_key,listing_id,3986788,365,365.0,1.0
partition_key,listing_id,3968416,365,365.0,1.0
partition_key,listing_id,1806899,365,365.0,1.0
partition_key,listing_id,6168769,365,365.0,1.0
partition_key,listing_id,8187592,365,365.0,1.0
partition_key,listing_id,1925661,365,365.0,1.0
partition_key,listing_id,4760968,365,365.0,1.0
partition_key,listing_id,3953365,365,365.0,1.0
partition_key,listing_id,4909327,365,365.0,1.0
partition_key,listing_id,7828509,365,365.0,1.0
partition_key,listing_id,4903296,365,365.0,1.0
partition_key,listing_id,1323634,365,365.0,1.0
partition_key,listing_id,571640,365,365.0,1.0
partition_key,listing_id,613151,365,365.0,1.0
partition_key,listing_id,278192,365,365.0,1.0
partition_key,listing_id,571651,365,365.0,1.0
partition_key,listing_id,7883181,365,365.0,1.0
partition_key,listing_id,7718139,365,365.0,1.0
partition_key,listing_id,6572501,365,365.0,1.0
partition_key,listing_id,4668327,365,365.0,1.0
partition_key,listing_id,7636185,365,365.0,1.0
partition_key,listing_id,6421243,365,365.0,1.0
partition_key,listing_id,5580773,365,365.0,1.0
partition_key,listing_id,8737284,365,365.0,1.0
partition_key,listing_id,958475,365,365.0,1.0
partition_key,listing_id,8605841,365,365.0,1.0
partition_key,listing_id,7500728,365,365.0,1.0
partition_key,listing_id,606297,365,365.0,1.0
partition_key,listing_id,9094366,365,365.0,1.0
partition_key,listing_id,7096107,365,365.0,1.0
partition_key,listing_id,9496612,365,365.0,1.0
partition_key,listing_id,8785768,365,365.0,1.0
partition_key,listing_id,143580,365,365.0,1.0
partition_key,listing_id,611500,365,365.0,1.0
partition_key,listing_id,264829,365,365.0,1.0
partition_key,listing_id,1856851,365,365.0,1.0
partition_key,listing_id,1317919,365,365.0,1.0
partition_key,listing_id,392140,365,365.0,1.0
partition_key,listing_id,3139972,365,365.0,1.0
partition_key,listing_id,10020221,365,365.0,1.0
partition_key,listing_id,8759443,365,365.0,1.0
partition_key,listing_id,6317449,365,365.0,1.0
partition_key,listing_id,6416765,365,365.0,1.0
partition_key,listing_id,5056580,365,365.0,1.0
partition_key,listing_id,6793490,365,365.0,1.0
partition_key,listing_id,2069917,365,365.0,1.0
partition_key,listing_id,3258585,365,365.0,1.0
partition_key,listing_id,815017,365,365.0,1.0
partition_key,listing_id,6610942,365,365.0,1.0
partition_key,listing_id,5365612,365,365.0,1.0
partition_key,listing_id,1556170,365,365.0,1.0
partition_key,listing_id,2486612,365,365.0,1.0
partition_key,listing_id,7748778,365,365.0,1.0
partition_key,listing_id,6872650,365,365.0,1.0
partition_key,listing_id,7634011,365,365.0,1.0
partition_key,listing_id,1898511,365,365.0,1.0
partition_key,listing_id,8067053,365,365.0,1.0
partition_key,listing_id,1872885,365,365.0,1.0
partition_key,listing_id,6561379,365,365.0,1.0
partition_key,listing_id,265901,365,365.0,1.0
partition_key,listing_id,392779,365,365.0,1.0
partition_key,listing_id,202174,365,365.0,1.0
partition_key,listing_id,7853358,365,365.0,1.0
partition_key,listing_id,2197168,365,365.0,1.0
partition_key,listing_id,4075152,365,365.0,1.0
partition_key,listing_id,5593399,365,365.0,1.0
partition_key,listing_id,366301,365,365.0,1.0
partition_key,listing_id,6644628,365,365.0,1.0
partition_key,listing_id,3593582,365,365.0,1.0
partition_key,listing_id,6716620,365,365.0,1.0
partition_key,listing_id,6796066,365,365.0,1.0
partition_key,listing_id,3977450,365,365.0,1.0
partition_key,listing_id,793629,365,365.0,1.0
partition_key,listing_id,9110410,365,365.0,1.0
partition_key,listing_id,5705161,365,365.0,1.0
partition_key,listing_id,8596938,365,365.0,1.0
partition_key,listing_id,5364119,365,365.0,1.0
partition_key,listing_id,6211882,365,365.0,1.0
partition_key,listing_id,4374326,365,365.0,1.0
partition_key,listing_id,7887651,365,365.0,1.0
partition_key,listing_id,9013441,365,365.0,1.0
partition_key,listing_id,7362757,365,365.0,1.0
partition_key,listing_id,9609152,365,365.0,1.0
partition_key,listing_id,4639040,365,365.0,1.0
partition_key,listing_id,2586350,365,365.0,1.0
partition_key,listing_id,6482409,365,365.0,1.0
partition_key,listing_id,8089214,365,365.0,1.0
partition_key,listing_id,8409975,365,365.0,1.0
partition_key,listing_id,8409926,365,365.0,1.0
partition_key,listing_id,6107518,365,365.0,1.0
partition_key,listing_id,9797000,365,365.0,1.0
partition_key,listing_id,5242148,365,365.0,1.0
partition_key,listing_id,3372535,365,365.0,1.0
partition_key,listing_id,995443,365,365.0,1.0
partition_key,listing_id,3279728,365,365.0,1.0
partition_key,listing_id,8446766,365,365.0,1.0
partition_key,listing_id,9733841,365,365.0,1.0
partition_key,listing_id,5852034,365,365.0,1.0
partition_key,listing_id,1851837,365,365.0,1.0
partition_key,listing_id,7324041,365,365.0,1.0
partition_key,listing_id,4105081,365,365.0,1.0
partition_key,listing_id,8474605,365,365.0,1.0
partition_key,listing_id,5682,365,365.0,1.0
partition_key,listing_id,2737012,365,365.0,1.0
partition_key,listing_id,8743202,365,365.0,1.0
partition_key,listing_id,1003890,365,365.0,1.0
partition_key,listing_id,8446120,365,365.0,1.0
partition_key,listing_id,8153673,365,365.0,1.0
partition_key,listing_id,7936712,365,365.0,1.0
partition_key,listing_id,2642359,365,365.0,1.0
partition_key,listing_id,6528342,365,365.0,1.0
partition_key,listing_id,9820818,365,365.0,1.0
partition_key,listing_id,8754180,365,365.0,1.0
partition_key,listing_id,8904766,365,365.0,1.0
partition_key,listing_id,3186785,365,365.0,1.0
partition_key,listing_id,1885801,365,365.0,1.0
partition_key,listing_id,8006745,365,365.0,1.0
partition_key,listing_id,7013085,365,365.0,1.0
partition_key,listing_id,6546748,365,365.0,1.0
partition_key,listing_id,4526737,365,365.0,1.0
partition_key,listing_id,3335,365,365.0,1.0
partition_key,listing_id,4735761,365,365.0,1.0
partition_key,listing_id,1672979,365,365.0,1.0
partition_key,listing_id,7388899,365,365.0,1.0
partition_key,listing_id,8052307,365,365.0,1.0
partition_key,listing_id,9068366,365,365.0,1.0
partition_key,listing_id,6117473,365,365.0,1.0
partition_key,listing_id,8541389,365,365.0,1.0
partition_key,listing_id,7745016,365,365.0,1.0
partition_key,listing_id,6557297,365,365.0,1.0
partition_key,listing_id,1263470,365,365.0,1.0
partition_key,listing_id,7415378,365,365.0,1.0
partition_key,listing_id,8849596,365,365.0,1.0
partition_key,listing_id,7902382,365,365.0,1.0
partition_key,listing_id,4772997,365,365.0,1.0
partition_key,listing_id,4708075,365,365.0,1.0
partition_key,listing_id,3859882,365,365.0,1.0
partition_key,listing_id,4711069,365,365.0,1.0
partition_key,listing_id,7713043,365,365.0,1.0
partition_key,listing_id,174636,365,365.0,1.0
partition_key,listing_id,8195348,365,365.0,1.0
partition_key,listing_id,7902068,365,365.0,1.0
partition_key,listing_id,4832481,365,365.0,1.0
partition_key,listing_id,7902268,365,365.0,1.0
partition_key,listing_id,4559222,365,365.0,1.0
partition_key,listing_id,7902330,365,365.0,1.0
partition_key,listing_id,6249164,365,365.0,1.0
partition_key,listing_id,5192122,365,365.0,1.0
partition_key,listing_id,8901863,365,365.0,1.0
partition_key,listing_id,2027236,365,365.0,1.0
partition_key,listing_id,3673011,365,365.0,1.0
partition_key,listing_id,6577295,365,365.0,1.0
partition_key,listing_id,4384000,365,365.0,1.0
partition_key,listing_id,3147706,365,365.0,1.0
partition_key,listing_id,1900698,365,365.0,1.0
partition_key,listing_id,4157572,365,365.0,1.0
partition_key,listing_id,8886847,365,365.0,1.0
partition_key,listing_id,3642289,365,365.0,1.0
partition_key,listing_id,3022564,365,365.0,1.0
partition_key,listing_id,2203983,365,365.0,1.0
partition_key,listing_id,215882,365,365.0,1.0
partition_key,listing_id,491958,365,365.0,1.0
partition_key,listing_id,190984,365,365.0,1.0
partition_key,listing_id,1599856,365,365.0,1.0
partition_key,listing_id,1223644,365,365.0,1.0
partition_key,listing_id,3246706,365,365.0,1.0
partition_key,listing_id,1305009,365,365.0,1.0
partition_key,listing_id,8952253,365,365.0,1.0
partition_key,listing_id,4041868,365,365.0,1.0
partition_key,listing_id,8845310,365,365.0,1.0
partition_key,listing_id,7750477,365,365.0,1.0
partition_key,listing_id,7938941,365,365.0,1.0
partition_key,listing_id,2721575,365,365.0,1.0
partition_key,listing_id,1738425,365,365.0,1.0
partition_key,listing_id,2471659,365,365.0,1.0
partition_key,listing_id,6078382,365,365.0,1.0
partition_key,listing_id,7585688,365,365.0,1.0
partition_key,listing_id,3120652,365,365.0,1.0
partition_key,listing_id,4922836,365,365.0,1.0
partition_key,listing_id,1433440,365,365.0,1.0
partition_key,listing_id,2980762,365,365.0,1.0
partition_key,listing_id,1733747,365,365.0,1.0
partition_key,listing_id,1455269,365,365.0,1.0
partition_key,listing_id,1457330,365,365.0,1.0
partition_key,listing_id,7420488,365,365.0,1.0
partition_key,listing_id,8902887,365,365.0,1.0
partition_key,listing_id,5175464,365,365.0,1.0
partition_key,listing_id,7411863,365,365.0,1.0
partition_key,listing_id,2856806,365,365.0,1.0
partition_key,listing_id,693956,365,365.0,1.0
partition_key,listing_id,5682316,365,365.0,1.0
partition_key,listing_id,8597800,365,365.0,1.0
partition_key,listing_id,4707171,365,365.0,1.0
partition_key,listing_id,9138392,365,365.0,1.0
partition_key,listing_id,7417852,365,365.0,1.0
partition_key,listing_id,9597947,365,365.0,1.0
partition_key,listing_id,7262142,365,365.0,1.0
partition_key,listing_id,7615170,365,365.0,1.0
partition_key,listing_id,609610,365,365.0,1.0
partition_key,listing_id,8326413,365,365.0,1.0
partition_key,listing_id,4833820,365,365.0,1.0
partition_key,listing_id,7480196,365,365.0,1.0
partition_key,listing_id,8774504,365,365.0,1.0
partition_key,listing_id,8627921,365,365.0,1.0
partition_key,listing_id,788146,365,365.0,1.0
partition_key,listing_id,9217446,365,365.0,1.0
partition_key,listing_id,2016613,365,365.0,1.0
partition_key,listing_id,2695493,365,365.0,1.0
partition_key,listing_id,9063355,365,365.0,1.0
partition_key,listing_id,7922663,365,365.0,1.0
partition_key,listing_id,9415562,365,365.0,1.0
partition_key,listing_id,9075656,365,365.0,1.0
partition_key,listing_id,9710851,365,365.0,1.0
partition_key,listing_id,1983713,365,365.0,1.0
partition_key,listing_id,7363727,365,365.0,1.0
partition_key,listing_id,10022421,365,365.0,1.0
partition_key,listing_id,6274351,365,365.0,1.0
partition_key,listing_id,777159,365,365.0,1.0
partition_key,listing_id,3922845,365,365.0,1.0
partition_key,listing_id,674113,365,365.0,1.0
partition_key,listing_id,8053128,365,365.0,1.0
partition_key,listing_id,7534300,365,365.0,1.0
partition_key,listing_id,1009838,365,365.0,1.0
partition_key,listing_id,9823290,365,365.0,1.0
partition_key,listing_id,5194332,365,365.0,1.0
partition_key,listing_id,841274,365,365.0,1.0
partition_key,listing_id,8904748,365,365.0,1.0
partition_key,listing_id,8734809,365,365.0,1.0
partition_key,listing_id,7562331,365,365.0,1.0
partition_key,listing_id,4461706,365,365.0,1.0
partition_key,listing_id,3890786,365,365.0,1.0
partition_key,listing_id,8474253,365,365.0,1.0
partition_key,listing_id,5559063,365,365.0,1.0
partition_key,listing_id,4126284,365,365.0,1.0
partition_key,listing_id,1209447,365,365.0,1.0
partition_key,listing_id,4364285,365,365.0,1.0
partition_key,listing_id,6716874,365,365.0,1.0
partition_key,listing_id,4659824,365,365.0,1.0
partition_key,listing_id,3677729,365,365.0,1.0
partition_key,listing_id,1097520,365,365.0,1.0
partition_key,listing_id,2898954,365,365.0,1.0
partition_key,listing_id,826436,365,365.0,1.0
partition_key,listing_id,774659,365,365.0,1.0
partition_key,listing_id,3849918,365,365.0,1.0
partition_key,listing_id,7382303,365,365.0,1.0
partition_key,listing_id,5376433,365,365.0,1.0
partition_key,listing_id,1750681,365,365.0,1.0
partition_key,listing_id,7229312,365,365.0,1.0
partition_key,listing_id,2520890,365,365.0,1.0
partition_key,listing_id,8391954,365,365.0,1.0
partition_key,listing_id,797358,365,365.0,1.0
partition_key,listing_id,7922013,365,365.0,1.0
partition_key,listing_id,7956337,365,365.0,1.0
partition_key,listing_id,2686659,365,365.0,1.0
partition_key,listing_id,755613,365,365.0,1.0
partition_key,listing_id,1758935,365,365.0,1.0
partition_key,listing_id,8474294,365,365.0,1.0
partition_key,listing_id,3904056,365,365.0,1.0
partition_key,listing_id,7914021,365,365.0,1.0
partition_key,listing_id,9364302,365,365.0,1.0
partition_key,listing_id,8196883,365,365.0,1.0
partition_key,listing_id,7938153,365,365.0,1.0
partition_key,listing_id,2763078,365,365.0,1.0
partition_key,listing_id,3258213,365,365.0,1.0
partition_key,listing_id,7809455,365,365.0,1.0
partition_key,listing_id,8409949,365,365.0,1.0
partition_key,listing_id,2150760,365,365.0,1.0
partition_key,listing_id,5424448,365,365.0,1.0
partition_key,listing_id,1606171,365,365.0,1.0
partition_key,listing_id,136480,365,365.0,1.0
partition_key,listing_id,4863369,365,365.0,1.0
partition_key,listing_id,7547290,365,365.0,1.0
partition_key,listing_id,5918259,365,365.0,1.0
partition_key,listing_id,5804875,365,365.0,1.0
partition_key,listing_id,8409941,365,365.0,1.0
partition_key,listing_id,8409969,365,365.0,1.0
partition_key,listing_id,9170870,365,365.0,1.0
partition_key,listing_id,6168975,365,365.0,1.0
partition_key,listing_id,7263506,365,365.0,1.0
partition_key,listing_id,7037522,365,365.0,1.0
partition_key,listing_id,1416763,365,365.0,1.0
partition_key,listing_id,3726391,365,365.0,1.0
partition_key,listing_id,10188794,365,365.0,1.0
partition_key,listing_id,3488436,365,365.0,1.0
partition_key,listing_id,1277033,365,365.0,1.0
partition_key,listing_id,5241195,365,365.0,1.0
partition_key,listing_id,2736961,365,365.0,1.0
partition_key,listing_id,4716486,365,365.0,1.0
partition_key,listing_id,7386675,365,365.0,1.0
partition_key,listing_id,5240694,365,365.0,1.0
partition_key,listing_id,8566501,365,365.0,1.0
partition_key,listing_id,7402861,365,365.0,1.0
partition_key,listing_id,741699,365,365.0,1.0
partition_key,listing_id,6108006,365,365.0,1.0
partition_key,listing_id,8409962,365,365.0,1.0
partition_key,listing_id,5834820,365,365.0,1.0
partition_key,listing_id,6741135,365,365.0,1.0
partition_key,listing_id,6555393,365,365.0,1.0
partition_key,listing_id,67270,365,365.0,1.0
partition_key,listing_id,7005538,365,365.0,1.0
partition_key,listing_id,1827586,365,365.0,1.0
partition_key,listing_id,7900497,365,365.0,1.0
partition_key,listing_id,8157486,365,365.0,1.0
partition_key,listing_id,4809486,365,365.0,1.0
partition_key,listing_id,9849122,365,365.0,1.0
partition_key,listing_id,9351911,365,365.0,1.0
partition_key,listing_id,3993960,365,365.0,1.0
partition_key,listing_id,8989807,365,365.0,1.0
partition_key,listing_id,5299060,365,365.0,1.0
partition_key,listing_id,3115801,365,365.0,1.0
partition_key,listing_id,9153365,365,365.0,1.0
partition_key,listing_id,10015967,365,365.0,1.0
partition_key,listing_id,284480,365,365.0,1.0
partition_key,listing_id,4916433,365,365.0,1.0
partition_key,listing_id,1732441,365,365.0,1.0
partition_key,listing_id,2652941,365,365.0,1.0
partition_key,listing_id,2809796,365,365.0,1.0
partition_key,listing_id,9477539,365,365.0,1.0
partition_key,listing_id,4479426,365,365.0,1.0
partition_key,listing_id,8276416,365,365.0,1.0
partition_key,listing_id,486344,365,365.0,1.0
partition_key,listing_id,1980395,365,365.0,1.0
partition_key,listing_id,7239217,365,365.0,1.0
partition_key,listing_id,1328159,365,365.0,1.0
partition_key,listing_id,5838129,365,365.0,1.0
partition_key,listing_id,9664395,365,365.0,1.0
partition_key,listing_id,4681687,365,365.0,1.0
partition_key,listing_id,4264012,365,365.0,1.0
partition_key,listing_id,445199,365,365.0,1.0
partition_key,listing_id,7514366,365,365.0,1.0
partition_key,listing_id,5236979,365,365.0,1.0
partition_key,listing_id,8555304,365,365.0,1.0
partition_key,listing_id,8847951,365,365.0,1.0
partition_key,listing_id,3124383,365,365.0,1.0
partition_key,listing_id,5863446,365,365.0,1.0
partition_key,listing_id,9155422,365,365.0,1.0
partition_key,listing_id,5047188,365,365.0,1.0
partition_key,listing_id,5825701,365,365.0,1.0
partition_key,listing_id,5499882,365,365.0,1.0
partition_key,listing_id,7529124,365,365.0,1.0
partition_key,listing_id,7995944,365,365.0,1.0
partition_key,listing_id,5538874,365,365.0,1.0
partition_key,listing_id,4941356,365,365.0,1.0
partition_key,listing_id,7679928,365,365.0,1.0
partition_key,listing_id,10385,365,365.0,1.0
partition_key,listing_id,4507137,365,365.0,1.0
partition_key,listing_id,7653539,365,365.0,1.0
partition_key,listing_id,5863558,365,365.0,1.0
partition_key,listing_id,8472954,365,365.0,1.0
partition_key,listing_id,7952930,365,365.0,1.0
partition_key,listing_id,8556665,365,365.0,1.0
partition_key,listing_id,5500752,365,365.0,1.0
partition_key,listing_id,9048029,365,365.0,1.0
partition_key,listing_id,4423130,365,365.0,1.0
partition_key,listing_id,8473056,365,365.0,1.0
partition_key,listing_id,2071305,365,365.0,1.0
partition_key,listing_id,817115,365,365.0,1.0
partition_key,listing_id,6895132,365,365.0,1.0
partition_key,listing_id,8255196,365,365.0,1.0
partition_key,listing_id,5051529,365,365.0,1.0
partition_key,listing_id,5337848,365,365.0,1.0
partition_key,listing_id,20868,365,365.0,1.0
partition_key,listing_id,8385444,365,365.0,1.0
partition_key,listing_id,637326,365,365.0,1.0
partition_key,listing_id,6557767,365,365.0,1.0
partition_key,listing_id,4869458,365,365.0,1.0
partition_key,listing_id,5319948,365,365.0,1.0
partition_key,listing_id,7638282,365,365.0,1.0
partition_key,listing_id,11411,365,365.0,1.0
partition_key,listing_id,723846,365,365.0,1.0
partition_key,listing_id,10104370,365,365.0,1.0
partition_key,listing_id,5041669,365,365.0,1.0
partition_key,listing_id,2197982,365,365.0,1.0
partition_key,listing_id,10695,365,365.0,1.0
partition_key,listing_id,6005222,365,365.0,1.0
partition_key,listing_id,3317940,365,365.0,1.0
partition_key,listing_id,8099917,365,365.0,1.0
partition_key,listing_id,8617171,365,365.0,1.0
partition_key,listing_id,4181226,365,365.0,1.0
partition_key,listing_id,7074024,365,365.0,1.0
partition_key,listing_id,2729077,365,365.0,1.0
partition_key,listing_id,7483750,365,365.0,1.0
partition_key,listing_id,9030929,365,365.0,1.0
partition_key,listing_id,1764233,365,365.0,1.0
partition_key,listing_id,6218849,365,365.0,1.0
partition_key,listing_id,4030600,365,365.0,1.0
partition_key,listing_id,4637801,365,365.0,1.0
partition_key,listing_id,2056276,365,365.0,1.0
partition_key,listing_id,6214998,365,365.0,1.0
partition_key,listing_id,9168049,365,365.0,1.0
partition_key,listing_id,10211928,365,365.0,1.0
partition_key,listing_id,387464,365,365.0,1.0
partition_key,listing_id,53867,365,365.0,1.0
partition_key,listing_id,3146212,365,365.0,1.0
partition_key,listing_id,107046,365,365.0,1.0
partition_key,listing_id,4629020,365,365.0,1.0
partition_key,listing_id,4324317,365,365.0,1.0
partition_key,listing_id,6629278,365,365.0,1.0
partition_key,listing_id,8958290,365,365.0,1.0
partition_key,listing_id,6676926,365,365.0,1.0
partition_key,listing_id,7934356,365,365.0,1.0
partition_key,listing_id,4701141,365,365.0,1.0
partition_key,listing_id,7274556,365,365.0,1.0
partition_key,listing_id,9186681,365,365.0,1.0
partition_key,listing_id,6907671,365,365.0,1.0
partition_key,listing_id,1534622,365,365.0,1.0
partition_key,listing_id,6627129,365,365.0,1.0
partition_key,listing_id,1750010,365,365.0,1.0
partition_key,listing_id,5805162,365,365.0,1.0
partition_key,listing_id,1136522,365,365.0,1.0
partition_key,listing_id,4892529,365,365.0,1.0
partition_key,listing_id,2420536,365,365.0,1.0
partition_key,listing_id,6612940,365,365.0,1.0
partition_key,listing_id,5471427,365,365.0,1.0
partition_key,listing_id,8714974,365,365.0,1.0
partition_key,listing_id,8101791,365,365.0,1.0
partition_key,listing_id,6599960,365,365.0,1.0
partition_key,listing_id,8002965,365,365.0,1.0
partition_key,listing_id,8715320,365,365.0,1.0
partition_key,listing_id,9632775,365,365.0,1.0
partition_key,listing_id,5413564,365,365.0,1.0
partition_key,listing_id,5340242,365,365.0,1.0
partition_key,listing_id,3676779,365,365.0,1.0
partition_key,listing_id,9157232,365,365.0,1.0
partition_key,listing_id,4208555,365,365.0,1.0
partition_key,listing_id,7026898,365,365.0,1.0
partition_key,listing_id,3766055,365,365.0,1.0
partition_key,listing_id,8091417,365,365.0,1.0
partition_key,listing_id,8253758,365,365.0,1.0
partition_key,listing_id,3126153,365,365.0,1.0
partition_key,listing_id,3434459,365,365.0,1.0
partition_key,listing_id,7245586,365,365.0,1.0
partition_key,listing_id,5959816,365,365.0,1.0
partition_key,listing_id,3852117,365,365.0,1.0
partition_key,listing_id,7350992,365,365.0,1.0
partition_key,listing_id,3812725,365,365.0,1.0
partition_key,listing_id,4288801,365,365.0,1.0
partition_key,listing_id,5473498,365,365.0,1.0
partition_key,listing_id,5057466,365,365.0,1.0
partition_key,listing_id,1541705,365,365.0,1.0
partition_key,listing_id,7110923,365,365.0,1.0
partition_key,listing_id,9067268,365,365.0,1.0
partition_key,listing_id,7500000,365,365.0,1.0
partition_key,listing_id,2556794,365,365.0,1.0
partition_key,listing_id,6348159,365,365.0,1.0
partition_key,listing_id,5941598,365,365.0,1.0
partition_key,listing_id,3206305,365,365.0,1.0
partition_key,listing_id,3531616,365,365.0,1.0
partition_key,listing_id,3404700,365,365.0,1.0
partition_key,listing_id,533443,365,365.0,1.0
partition_key,listing_id,6214517,365,365.0,1.0
partition_key,listing_id,8036620,365,365.0,1.0
partition_key,listing_id,8152764,365,365.0,1.0
partition_key,listing_id,6837751,365,365.0,1.0
partition_key,listing_id,2459519,365,365.0,1.0
partition_key,listing_id,4940379,365,365.0,1.0
partition_key,listing_id,2413338,365,365.0,1.0
partition_key,listing_id,2332949,365,365.0,1.0
partition_key,listing_id,6543683,365,365.0,1.0
partition_key,listing_id,4340410,365,365.0,1.0
partition_key,listing_id,7003848,365,365.0,1.0
partition_key,listing_id,3479851,365,365.0,1.0
partition_key,listing_id,5104918,365,365.0,1.0
partition_key,listing_id,1386306,365,365.0,1.0
partition_key,listing_id,486829,365,365.0,1.0
partition_key,listing_id,3604904,365,365.0,1.0
partition_key,listing_id,1450262,365,365.0,1.0
partition_key,listing_id,9995551,365,365.0,1.0
partition_key,listing_id,8849095,365,365.0,1.0
partition_key,listing_id,7742525,365,365.0,1.0
partition_key,listing_id,4550199,365,365.0,1.0
partition_key,listing_id,2822984,365,365.0,1.0
partition_key,listing_id,202260,365,365.0,1.0
partition_key,listing_id,8597687,365,365.0,1.0
partition_key,listing_id,2309250,365,365.0,1.0
partition_key,listing_id,7420339,365,365.0,1.0
partition_key,listing_id,1742425,365,365.0,1.0
partition_key,listing_id,4559985,365,365.0,1.0
partition_key,listing_id,6304139,365,365.0,1.0
partition_key,listing_id,2610187,365,365.0,1.0
partition_key,listing_id,8508341,365,365.0,1.0
partition_key,listing_id,7327623,365,365.0,1.0
partition_key,listing_id,2412633,365,365.0,1.0
partition_key,listing_id,4205026,365,365.0,1.0
partition_key,listing_id,7858454,365,365.0,1.0
partition_key,listing_id,9299824,365,365.0,1.0
partition_key,listing_id,656909,365,365.0,1.0
partition_key,listing_id,6728419,365,365.0,1.0
partition_key,listing_id,8766231,365,365.0,1.0
partition_key,listing_id,9110560,365,365.0,1.0
partition_key,listing_id,4599119,365,365.0,1.0
partition_key,listing_id,10043487,365,365.0,1.0
partition_key,listing_id,3646393,365,365.0,1.0
partition_key,listing_id,6537432,365,365.0,1.0
partition_key,listing_id,1950446,365,365.0,1.0
partition_key,listing_id,9519968,365,365.0,1.0
partition_key,listing_id,8507062,365,365.0,1.0
partition_key,listing_id,4454121,365,365.0,1.0
partition_key,listing_id,8505940,365,365.0,1.0
partition_key,listing_id,1012003,365,365.0,1.0
partition_key,listing_id,7024684,365,365.0,1.0
partition_key,listing_id,6938542,365,365.0,1.0
partition_key,listing_id,2350464,365,365.0,1.0
partition_key,listing_id,10281965,365,365.0,1.0
partition_key,listing_id,63308,365,365.0,1.0
partition_key,listing_id,3352685,365,365.0,1.0
partition_key,listing_id,9368950,365,365.0,1.0
partition_key,listing_id,6386210,365,365.0,1.0
partition_key,listing_id,2385623,365,365.0,1.0
partition_key,listing_id,5006092,365,365.0,1.0
partition_key,listing_id,7070169,365,365.0,1.0
partition_key,listing_id,7988792,365,365.0,1.0
partition_key,listing_id,6335327,365,365.0,1.0
partition_key,listing_id,3858725,365,365.0,1.0
partition_key,listing_id,385438,365,365.0,1.0
partition_key,listing_id,3615614,365,365.0,1.0
partition_key,listing_id,8339580,365,365.0,1.0
partition_key,listing_id,9480029,365,365.0,1.0
partition_key,listing_id,139463,365,365.0,1.0
partition_key,listing_id,7957689,365,365.0,1.0
partition_key,listing_id,6646894,365,365.0,1.0
partition_key,listing_id,8907548,365,365.0,1.0
partition_key,listing_id,3551668,365,365.0,1.0
partition_key,listing_id,2357110,365,365.0,1.0
partition_key,listing_id,7784802,365,365.0,1.0
partition_key,listing_id,10210625,365,365.0,1.0
partition_key,listing_id,9137469,365,365.0,1.0
partition_key,listing_id,6032726,365,365.0,1.0
partition_key,listing_id,7802266,365,365.0,1.0
partition_key,listing_id,10250735,365,365.0,1.0
partition_key,listing_id,7496485,365,365.0,1.0
partition_key,listing_id,7638263,365,365.0,1.0
partition_key,listing_id,7421950,365,365.0,1.0
partition_key,listing_id,8356608,365,365.0,1.0
partition_key,listing_id,1354750,365,365.0,1.0
partition_key,listing_id,2687172,365,365.0,1.0
partition_key,listing_id,3498114,365,365.0,1.0
partition_key,listing_id,9580021,365,365.0,1.0
partition_key,listing_id,9994758,365,365.0,1.0
partition_key,listing_id,10035274,365,365.0,1.0
partition_key,listing_id,8369321,365,365.0,1.0
partition_key,listing_id,7500191,365,365.0,1.0
partition_key,listing_id,6870575,365,365.0,1.0
partition_key,listing_id,8594717,365,365.0,1.0
partition_key,listing_id,134091,365,365.0,1.0
partition_key,listing_id,8473625,365,365.0,1.0
partition_key,listing_id,258571,365,365.0,1.0
partition_key,listing_id,9473967,365,365.0,1.0
partition_key,listing_id,890677,365,365.0,1.0
partition_key,listing_id,4211081,365,365.0,1.0
partition_key,listing_id,7843995,365,365.0,1.0
partition_key,listing_id,9494623,365,365.0,1.0
partition_key,listing_id,882274,365,365.0,1.0
partition_key,listing_id,3594885,365,365.0,1.0
partition_key,listing_id,1768883,365,365.0,1.0
partition_key,listing_id,948077,365,365.0,1.0
partition_key,listing_id,4841586,365,365.0,1.0
partition_key,listing_id,5640214,365,365.0,1.0
partition_key,listing_id,9011350,365,365.0,1.0
partition_key,listing_id,5695717,365,365.0,1.0
partition_key,listing_id,4718921,365,365.0,1.0
partition_key,listing_id,557126,365,365.0,1.0
partition_key,listing_id,8053554,365,365.0,1.0
partition_key,listing_id,2488228,365,365.0,1.0
partition_key,listing_id,6865200,365,365.0,1.0
partition_key,listing_id,8779676,365,365.0,1.0
partition_key,listing_id,9929059,365,365.0,1.0
partition_key,listing_id,8919372,365,365.0,1.0
partition_key,listing_id,8257837,365,365.0,1.0
partition_key,listing_id,4607830,365,365.0,1.0
partition_key,listing_id,1545801,365,365.0,1.0
partition_key,listing_id,4129218,365,365.0,1.0
partition_key,listing_id,6390214,365,365.0,1.0
partition_key,listing_id,9757138,365,365.0,1.0
partition_key,listing_id,7872980,365,365.0,1.0
partition_key,listing_id,458191,365,365.0,1.0
partition_key,listing_id,7725597,365,365.0,1.0
partition_key,listing_id,4660517,365,365.0,1.0
partition_key,listing_id,3426639,365,365.0,1.0
partition_key,listing_id,6118359,365,365.0,1.0
partition_key,listing_id,7665114,365,365.0,1.0
partition_key,listing_id,281789,365,365.0,1.0
partition_key,listing_id,3930270,365,365.0,1.0
partition_key,listing_id,9016362,365,365.0,1.0
partition_key,listing_id,7987846,365,365.0,1.0
partition_key,listing_id,3803212,365,365.0,1.0
partition_key,listing_id,3424991,365,365.0,1.0
partition_key,listing_id,752483,365,365.0,1.0
partition_key,listing_id,1897000,365,365.0,1.0
partition_key,listing_id,6349598,365,365.0,1.0
partition_key,listing_id,4809601,365,365.0,1.0
partition_key,listing_id,9137398,365,365.0,1.0
partition_key,listing_id,9137075,365,365.0,1.0
partition_key,listing_id,1100714,365,365.0,1.0
partition_key,listing_id,5977556,365,365.0,1.0
partition_key,listing_id,1090449,365,365.0,1.0
partition_key,listing_id,4199019,365,365.0,1.0
partition_key,listing_id,1520593,365,365.0,1.0
partition_key,listing_id,1928010,365,365.0,1.0
partition_key,listing_id,7177194,365,365.0,1.0
partition_key,listing_id,7635966,365,365.0,1.0
partition_key,listing_id,6325283,365,365.0,1.0
partition_key,listing_id,6644796,365,365.0,1.0
partition_key,listing_id,8053921,365,365.0,1.0
partition_key,listing_id,841049,365,365.0,1.0
partition_key,listing_id,7128310,365,365.0,1.0
partition_key,listing_id,7718203,365,365.0,1.0
partition_key,listing_id,9774404,365,365.0,1.0
partition_key,listing_id,7789438,365,365.0,1.0
partition_key,listing_id,7775663,365,365.0,1.0
partition_key,listing_id,8014547,365,365.0,1.0
partition_key,listing_id,1716901,365,365.0,1.0
partition_key,listing_id,6477225,365,365.0,1.0
partition_key,listing_id,2217257,365,365.0,1.0
partition_key,listing_id,7580593,365,365.0,1.0
partition_key,listing_id,1828232,365,365.0,1.0
partition_key,listing_id,4725935,365,365.0,1.0
partition_key,listing_id,9061439,365,365.0,1.0
partition_key,listing_id,6545602,365,365.0,1.0
partition_key,listing_id,2688555,365,365.0,1.0
partition_key,listing_id,7984550,365,365.0,1.0
partition_key,listing_id,6561753,365,365.0,1.0
partition_key,listing_id,6561811,365,365.0,1.0
partition_key,listing_id,6545246,365,365.0,1.0
partition_key,listing_id,1520501,365,365.0,1.0
partition_key,listing_id,5618094,365,365.0,1.0
partition_key,listing_id,279063,365,365.0,1.0
partition_key,listing_id,5030361,365,365.0,1.0
partition_key,listing_id,6779893,365,365.0,1.0
partition_key,listing_id,796594,365,365.0,1.0
partition_key,listing_id,1030615,365,365.0,1.0
partition_key,listing_id,6328923,365,365.0,1.0
partition_key,listing_id,7050492,365,365.0,1.0
partition_key,listing_id,2418658,365,365.0,1.0
partition_key,listing_id,387078,365,365.0,1.0
partition_key,listing_id,10012724,365,365.0,1.0
partition_key,listing_id,6768768,365,365.0,1.0
partition_key,listing_id,338043,365,365.0,1.0
partition_key,listing_id,4701205,365,365.0,1.0
partition_key,listing_id,338091,365,365.0,1.0
partition_key,listing_id,7235573,365,365.0,1.0
partition_key,listing_id,7579854,365,365.0,1.0
partition_key,listing_id,1525972,365,365.0,1.0
partition_key,listing_id,3626497,365,365.0,1.0
partition_key,listing_id,8102064,365,365.0,1.0
partition_key,listing_id,447488,365,365.0,1.0
partition_key,listing_id,835149,365,365.0,1.0
partition_key,listing_id,3759039,365,365.0,1.0
partition_key,listing_id,6131411,365,365.0,1.0
partition_key,listing_id,4679983,365,365.0,1.0
partition_key,listing_id,7821003,365,365.0,1.0
partition_key,listing_id,9939359,365,365.0,1.0
partition_key,listing_id,9494946,365,365.0,1.0
partition_key,listing_id,745099,365,365.0,1.0
partition_key,listing_id,8054518,365,365.0,1.0
partition_key,listing_id,1141226,365,365.0,1.0
partition_key,listing_id,9866909,365,365.0,1.0
partition_key,listing_id,1790020,365,365.0,1.0
partition_key,listing_id,4277026,365,365.0,1.0
partition_key,listing_id,4082250,365,365.0,1.0
partition_key,listing_id,5637990,365,365.0,1.0
partition_key,listing_id,2909809,365,365.0,1.0
partition_key,listing_id,1356339,365,365.0,1.0
partition_key,listing_id,3884805,365,365.0,1.0
partition_key,listing_id,5395530,365,365.0,1.0
partition_key,listing_id,10295151,365,365.0,1.0
partition_key,listing_id,6481695,365,365.0,1.0
partition_key,listing_id,5660792,365,365.0,1.0
partition_key,listing_id,7435912,365,365.0,1.0
partition_key,listing_id,4768038,365,365.0,1.0
partition_key,listing_id,1416279,365,365.0,1.0
partition_key,listing_id,9970609,365,365.0,1.0
partition_key,listing_id,6835466,365,365.0,1.0
partition_key,listing_id,3418230,365,365.0,1.0
partition_key,listing_id,9843421,365,365.0,1.0
partition_key,listing_id,3543791,365,365.0,1.0
partition_key,listing_id,3552006,365,365.0,1.0
partition_key,listing_id,7149703,365,365.0,1.0
partition_key,listing_id,4526943,365,365.0,1.0
partition_key,listing_id,7557951,365,365.0,1.0
partition_key,listing_id,4808173,365,365.0,1.0
partition_key,listing_id,4404126,365,365.0,1.0
partition_key,listing_id,7902137,365,365.0,1.0
partition_key,listing_id,8453633,365,365.0,1.0
partition_key,listing_id,2004931,365,365.0,1.0
partition_key,listing_id,7179783,365,365.0,1.0
partition_key,listing_id,7241235,365,365.0,1.0
partition_key,listing_id,6249458,365,365.0,1.0
partition_key,listing_id,1537246,365,365.0,1.0
partition_key,listing_id,841140,365,365.0,1.0
partition_key,listing_id,1961950,365,365.0,1.0
partition_key,listing_id,8735996,365,365.0,1.0
partition_key,listing_id,1220471,365,365.0,1.0
partition_key,listing_id,7369,365,365.0,1.0
partition_key,listing_id,9137899,365,365.0,1.0
partition_key,listing_id,4831200,365,365.0,1.0
partition_key,listing_id,1562643,365,365.0,1.0
partition_key,listing_id,7871807,365,365.0,1.0
partition_key,listing_id,8116395,365,365.0,1.0
partition_key,listing_id,872152,365,365.0,1.0
partition_key,listing_id,719233,365,365.0,1.0
partition_key,listing_id,6216116,365,365.0,1.0
partition_key,listing_id,9386509,365,365.0,1.0
partition_key,listing_id,1686958,365,365.0,1.0
partition_key,listing_id,8106277,365,365.0,1.0
partition_key,listing_id,5422881,365,365.0,1.0
partition_key,listing_id,6812054,365,365.0,1.0
partition_key,listing_id,5067177,365,365.0,1.0
partition_key,listing_id,6689259,365,365.0,1.0
partition_key,listing_id,4231670,365,365.0,1.0
partition_key,listing_id,6951415,365,365.0,1.0
partition_key,listing_id,7666155,365,365.0,1.0
partition_key,listing_id,8934054,365,365.0,1.0
partition_key,listing_id,7601766,365,365.0,1.0
partition_key,listing_id,6954984,365,365.0,1.0
partition_key,listing_id,8339428,365,365.0,1.0
partition_key,listing_id,5160893,365,365.0,1.0
partition_key,listing_id,7616507,365,365.0,1.0
partition_key,listing_id,23192,365,365.0,1.0
partition_key,listing_id,9494415,365,365.0,1.0
partition_key,listing_id,8241019,365,365.0,1.0
partition_key,listing_id,4652918,365,365.0,1.0
partition_key,listing_id,7618526,365,365.0,1.0
partition_key,listing_id,5930806,365,365.0,1.0
partition_key,listing_id,9407989,365,365.0,1.0
partition_key,listing_id,6823597,365,365.0,1.0
partition_key,listing_id,5537446,365,365.0,1.0
partition_key,listing_id,9436832,365,365.0,1.0
partition_key,listing_id,9133711,365,365.0,1.0
partition_key,listing_id,10157690,365,365.0,1.0
partition_key,listing_id,1122236,365,365.0,1.0
partition_key,listing_id,4906490,365,365.0,1.0
partition_key,listing_id,7773668,365,365.0,1.0
partition_key,listing_id,458197,365,365.0,1.0
partition_key,listing_id,458193,365,365.0,1.0
partition_key,listing_id,458186,365,365.0,1.0
partition_key,listing_id,458183,365,365.0,1.0
partition_key,listing_id,941467,365,365.0,1.0
partition_key,listing_id,1039766,365,365.0,1.0
partition_key,listing_id,5078876,365,365.0,1.0
partition_key,listing_id,5242712,365,365.0,1.0
partition_key,listing_id,1539476,365,365.0,1.0
partition_key,listing_id,8626068,365,365.0,1.0
partition_key,listing_id,8150395,365,365.0,1.0
partition_key,listing_id,4824435,365,365.0,1.0
partition_key,listing_id,4250639,365,365.0,1.0
partition_key,listing_id,3652612,365,365.0,1.0
partition_key,listing_id,3570691,365,365.0,1.0
partition_key,listing_id,5495802,365,365.0,1.0
partition_key,listing_id,8106263,365,365.0,1.0
partition_key,listing_id,1204142,365,365.0,1.0
partition_key,listing_id,6769696,365,365.0,1.0
partition_key,listing_id,6118291,365,365.0,1.0
partition_key,listing_id,5593981,365,365.0,1.0
partition_key,listing_id,9970805,365,365.0,1.0
partition_key,listing_id,8673979,365,365.0,1.0
partition_key,listing_id,3404914,365,365.0,1.0
partition_key,listing_id,4782745,365,365.0,1.0
partition_key,listing_id,4848255,365,365.0,1.0
partition_key,listing_id,2194715,365,365.0,1.0
partition_key,listing_id,13068,365,365.0,1.0
partition_key,listing_id,9137335,365,365.0,1.0
partition_key,listing_id,6659301,365,365.0,1.0
partition_key,listing_id,5479566,365,365.0,1.0
partition_key,listing_id,8273031,365,365.0,1.0
partition_key,listing_id,7363701,365,365.0,1.0
partition_key,listing_id,7984738,365,365.0,1.0
partition_key,listing_id,3930681,365,365.0,1.0
partition_key,listing_id,7518794,365,365.0,1.0
partition_key,listing_id,8755762,365,365.0,1.0
partition_key,listing_id,7535055,365,365.0,1.0
partition_key,listing_id,4241862,365,365.0,1.0
partition_key,listing_id,9509279,365,365.0,1.0
partition_key,listing_id,6822322,365,365.0,1.0
partition_key,listing_id,2628010,365,365.0,1.0
partition_key,listing_id,4077920,365,365.0,1.0
partition_key,listing_id,10157880,365,365.0,1.0
partition_key,listing_id,4766173,365,365.0,1.0
partition_key,listing_id,5946151,365,365.0,1.0
partition_key,listing_id,2970666,365,365.0,1.0
partition_key,listing_id,7308331,365,365.0,1.0
partition_key,listing_id,3946631,365,365.0,1.0
partition_key,listing_id,7329915,365,365.0,1.0
partition_key,listing_id,6436976,365,365.0,1.0
partition_key,listing_id,9328692,365,365.0,1.0
partition_key,listing_id,9117301,365,365.0,1.0
partition_key,listing_id,2898401,365,365.0,1.0
partition_key,listing_id,8193516,365,365.0,1.0
partition_key,listing_id,3766285,365,365.0,1.0
partition_key,listing_id,1520581,365,365.0,1.0
partition_key,listing_id,1349175,365,365.0,1.0
partition_key,listing_id,5633607,365,365.0,1.0
partition_key,listing_id,9836113,365,365.0,1.0
partition_key,listing_id,5510720,365,365.0,1.0
partition_key,listing_id,6837819,365,365.0,1.0
partition_key,listing_id,8050232,365,365.0,1.0
partition_key,listing_id,9386179,365,365.0,1.0
partition_key,listing_id,4184211,365,365.0,1.0
partition_key,listing_id,3732949,365,365.0,1.0
partition_key,listing_id,1348777,365,365.0,1.0
partition_key,listing_id,317248,365,365.0,1.0
partition_key,listing_id,6182715,365,365.0,1.0
partition_key,listing_id,8943380,365,365.0,1.0
partition_key,listing_id,6076158,365,365.0,1.0
partition_key,listing_id,384797,365,365.0,1.0
partition_key,listing_id,7901318,365,365.0,1.0
partition_key,listing_id,7614244,365,365.0,1.0
partition_key,listing_id,458189,365,365.0,1.0
partition_key,listing_id,5386937,365,365.0,1.0
partition_key,listing_id,8684315,365,365.0,1.0
partition_key,listing_id,3412630,365,365.0,1.0
partition_key,listing_id,7054225,365,365.0,1.0
partition_key,listing_id,1775016,365,365.0,1.0
partition_key,listing_id,9835920,365,365.0,1.0
partition_key,listing_id,4223597,365,365.0,1.0
partition_key,listing_id,1976382,365,365.0,1.0
partition_key,listing_id,3396140,365,365.0,1.0
partition_key,listing_id,1782140,365,365.0,1.0
partition_key,listing_id,430453,365,365.0,1.0
partition_key,listing_id,1633986,365,365.0,1.0
partition_key,listing_id,9507115,365,365.0,1.0
partition_key,listing_id,8926060,365,365.0,1.0
partition_key,listing_id,1520449,365,365.0,1.0
partition_key,listing_id,7697170,365,365.0,1.0
partition_key,listing_id,1511620,365,365.0,1.0
partition_key,listing_id,9411935,365,365.0,1.0
partition_key,listing_id,1355094,365,365.0,1.0
partition_key,listing_id,6305798,365,365.0,1.0
partition_key,listing_id,4009295,365,365.0,1.0
partition_key,listing_id,10334184,365,365.0,1.0
partition_key,listing_id,1159111,365,365.0,1.0
partition_key,listing_id,9368573,365,365.0,1.0
partition_key,listing_id,3773417,365,365.0,1.0
partition_key,listing_id,9327585,365,365.0,1.0
partition_key,listing_id,6492056,365,365.0,1.0
partition_key,listing_id,7073650,365,365.0,1.0
partition_key,listing_id,9727857,365,365.0,1.0
partition_key,listing_id,446276,365,365.0,1.0
partition_key,listing_id,208670,365,365.0,1.0
partition_key,listing_id,8868833,365,365.0,1.0
partition_key,listing_id,7180032,365,365.0,1.0
partition_key,listing_id,9137259,365,365.0,1.0
partition_key,listing_id,9252998,365,365.0,1.0
partition_key,listing_id,7975026,365,365.0,1.0
partition_key,listing_id,6278216,365,365.0,1.0
partition_key,listing_id,6425652,365,365.0,1.0
partition_key,listing_id,7228435,365,365.0,1.0
partition_key,listing_id,9149612,365,365.0,1.0
partition_key,listing_id,8251213,365,365.0,1.0
partition_key,listing_id,5548982,365,365.0,1.0
partition_key,listing_id,9546633,365,365.0,1.0
partition_key,listing_id,3272374,365,365.0,1.0
partition_key,listing_id,7335567,365,365.0,1.0
partition_key,listing_id,9563458,365,365.0,1.0
partition_key,listing_id,7875887,365,365.0,1.0
partition_key,listing_id,3394837,365,365.0,1.0
partition_key,listing_id,4464795,365,365.0,1.0
partition_key,listing_id,6927016,365,365.0,1.0
partition_key,listing_id,699596,365,365.0,1.0
partition_key,listing_id,6387576,365,365.0,1.0
partition_key,listing_id,8828781,365,365.0,1.0
partition_key,listing_id,1198884,365,365.0,1.0
partition_key,listing_id,9546508,365,365.0,1.0
partition_key,listing_id,2386589,365,365.0,1.0
partition_key,listing_id,9924107,365,365.0,1.0
partition_key,listing_id,3386862,365,365.0,1.0
partition_key,listing_id,9280767,365,365.0,1.0
partition_key,listing_id,1520533,365,365.0,1.0
partition_key,listing_id,9651755,365,365.0,1.0
partition_key,listing_id,82763,365,365.0,1.0
partition_key,listing_id,9880665,365,365.0,1.0
partition_key,listing_id,1762354,365,365.0,1.0
partition_key,listing_id,2836237,365,365.0,1.0
partition_key,listing_id,5204475,365,365.0,1.0
partition_key,listing_id,8741711,365,365.0,1.0
partition_key,listing_id,3819831,365,365.0,1.0
partition_key,listing_id,8267620,365,365.0,1.0
partition_key,listing_id,7087957,365,365.0,1.0
partition_key,listing_id,1520549,365,365.0,1.0
partition_key,listing_id,9094872,365,365.0,1.0
partition_key,listing_id,9414303,365,365.0,1.0
partition_key,listing_id,26116,365,365.0,1.0
partition_key,listing_id,7874053,365,365.0,1.0
partition_key,listing_id,6452801,365,365.0,1.0
partition_key,listing_id,8340841,365,365.0,1.0
partition_key,listing_id,9635943,365,365.0,1.0
partition_key,listing_id,8046691,365,365.0,1.0
partition_key,listing_id,9078843,365,365.0,1.0
partition_key,listing_id,8799909,365,365.0,1.0
partition_key,listing_id,387079,365,365.0,1.0
partition_key,listing_id,8292326,365,365.0,1.0
partition_key,listing_id,10339144,365,365.0,1.0
partition_key,listing_id,5563136,365,365.0,1.0
partition_key,listing_id,6079216,365,365.0,1.0
partition_key,listing_id,8955477,365,365.0,1.0
partition_key,listing_id,6424859,365,365.0,1.0
partition_key,listing_id,7651702,365,365.0,1.0
partition_key,listing_id,6210952,365,365.0,1.0
partition_key,listing_id,9281758,365,365.0,1.0
partition_key,listing_id,2875975,365,365.0,1.0
partition_key,listing_id,7275027,365,365.0,1.0
partition_key,listing_id,4318709,365,365.0,1.0
partition_key,listing_id,6939106,365,365.0,1.0
partition_key,listing_id,2727938,365,365.0,1.0
partition_key,listing_id,7695195,365,365.0,1.0
partition_key,listing_id,6445741,365,365.0,1.0
partition_key,listing_id,7381005,365,365.0,1.0
partition_key,listing_id,8724134,365,365.0,1.0
partition_key,listing_id,4023177,365,365.0,1.0
partition_key,listing_id,1589681,365,365.0,1.0
partition_key,listing_id,8524349,365,365.0,1.0
partition_key,listing_id,9429399,365,365.0,1.0
partition_key,listing_id,7089415,365,365.0,1.0
partition_key,listing_id,8033438,365,365.0,1.0
partition_key,listing_id,6836330,365,365.0,1.0
partition_key,listing_id,975179,365,365.0,1.0
partition_key,listing_id,1956094,365,365.0,1.0
partition_key,listing_id,9619737,365,365.0,1.0
partition_key,listing_id,9463729,365,365.0,1.0
partition_key,listing_id,8866331,365,365.0,1.0
partition_key,listing_id,5457260,365,365.0,1.0
partition_key,listing_id,8594406,365,365.0,1.0
partition_key,listing_id,8484705,365,365.0,1.0
partition_key,listing_id,7714585,365,365.0,1.0
partition_key,listing_id,218741,365,365.0,1.0
partition_key,listing_id,8551871,365,365.0,1.0
partition_key,listing_id,8567933,365,365.0,1.0
partition_key,listing_id,7934963,365,365.0,1.0
partition_key,listing_id,6481764,365,365.0,1.0
partition_key,listing_id,8426827,365,365.0,1.0
partition_key,listing_id,7771531,365,365.0,1.0
partition_key,listing_id,37234,365,365.0,1.0
partition_key,listing_id,2060441,365,365.0,1.0
partition_key,listing_id,2158992,365,365.0,1.0
partition_key,listing_id,8608414,365,365.0,1.0
partition_key,listing_id,5619397,365,365.0,1.0
partition_key,listing_id,4144767,365,365.0,1.0
partition_key,listing_id,1301535,365,365.0,1.0
partition_key,listing_id,3882930,365,365.0,1.0
partition_key,listing_id,9186481,365,365.0,1.0
partition_key,listing_id,5364244,365,365.0,1.0
partition_key,listing_id,4127196,365,365.0,1.0
partition_key,listing_id,30712,365,365.0,1.0
partition_key,listing_id,5632713,365,365.0,1.0
partition_key,listing_id,2396734,365,365.0,1.0
partition_key,listing_id,4616634,365,365.0,1.0
partition_key,listing_id,1175308,365,365.0,1.0
partition_key,listing_id,3157738,365,365.0,1.0
partition_key,listing_id,8866927,365,365.0,1.0
partition_key,listing_id,3657819,365,365.0,1.0
partition_key,listing_id,8212190,365,365.0,1.0
partition_key,listing_id,9030406,365,365.0,1.0
partition_key,listing_id,6884820,365,365.0,1.0
partition_key,listing_id,6821407,365,365.0,1.0
partition_key,listing_id,9563749,365,365.0,1.0
partition_key,listing_id,6474341,365,365.0,1.0
partition_key,listing_id,7038750,365,365.0,1.0
partition_key,listing_id,7824929,365,365.0,1.0
partition_key,listing_id,2277640,365,365.0,1.0
partition_key,listing_id,5620306,365,365.0,1.0
partition_key,listing_id,9693971,365,365.0,1.0
partition_key,listing_id,4739190,365,365.0,1.0
partition_key,listing_id,5219336,365,365.0,1.0
partition_key,listing_id,2298775,365,365.0,1.0
partition_key,listing_id,7455706,365,365.0,1.0
partition_key,listing_id,1142039,365,365.0,1.0
partition_key,listing_id,3563218,365,365.0,1.0
partition_key,listing_id,7789264,365,365.0,1.0
partition_key,listing_id,6935953,365,365.0,1.0
partition_key,listing_id,3441402,365,365.0,1.0
partition_key,listing_id,921571,365,365.0,1.0
partition_key,listing_id,5205984,365,365.0,1.0
partition_key,listing_id,5352741,365,365.0,1.0
partition_key,listing_id,1461971,365,365.0,1.0
partition_key,listing_id,6690388,365,365.0,1.0
partition_key,listing_id,1190571,365,365.0,1.0
partition_key,listing_id,231097,365,365.0,1.0
partition_key,listing_id,149489,365,365.0,1.0
partition_key,listing_id,3703121,365,365.0,1.0
partition_key,listing_id,3004007,365,365.0,1.0
partition_key,listing_id,3870937,365,365.0,1.0
partition_key,listing_id,3242247,365,365.0,1.0
partition_key,listing_id,6350606,365,365.0,1.0
partition_key,listing_id,8131762,365,365.0,1.0
partition_key,listing_id,9345786,365,365.0,1.0
partition_key,listing_id,6741526,365,365.0,1.0
partition_key,listing_id,6101613,365,365.0,1.0
partition_key,listing_id,1190224,365,365.0,1.0
partition_key,listing_id,8704931,365,365.0,1.0
partition_key,listing_id,9591718,365,365.0,1.0
partition_key,listing_id,9432497,365,365.0,1.0
partition_key,listing_id,7931111,365,365.0,1.0
partition_key,listing_id,5031357,365,365.0,1.0
partition_key,listing_id,6603376,365,365.0,1.0
partition_key,listing_id,3861673,365,365.0,1.0
partition_key,listing_id,461234,365,365.0,1.0
partition_key,listing_id,3510818,365,365.0,1.0
partition_key,listing_id,6245498,365,365.0,1.0
partition_key,listing_id,6557018,365,365.0,1.0
partition_key,listing_id,170469,365,365.0,1.0
partition_key,listing_id,7873789,365,365.0,1.0
partition_key,listing_id,6691873,365,365.0,1.0
partition_key,listing_id,7638689,365,365.0,1.0
partition_key,listing_id,5968862,365,365.0,1.0
partition_key,listing_id,260613,365,365.0,1.0
partition_key,listing_id,4718820,365,365.0,1.0
partition_key,listing_id,6897639,365,365.0,1.0
partition_key,listing_id,1023693,365,365.0,1.0
partition_key,listing_id,4438871,365,365.0,1.0
partition_key,listing_id,4438160,365,365.0,1.0
partition_key,listing_id,7870538,365,365.0,1.0
partition_key,listing_id,6153532,365,365.0,1.0
partition_key,listing_id,488268,365,365.0,1.0
partition_key,listing_id,6375415,365,365.0,1.0
partition_key,listing_id,4429898,365,365.0,1.0
partition_key,listing_id,5991139,365,365.0,1.0
partition_key,listing_id,6130287,365,365.0,1.0
partition_key,listing_id,1623894,365,365.0,1.0
partition_key,listing_id,6453383,365,365.0,1.0
partition_key,listing_id,25002,365,365.0,1.0
partition_key,listing_id,5183164,365,365.0,1.0
partition_key,listing_id,10235136,365,365.0,1.0
partition_key,listing_id,2352218,365,365.0,1.0
partition_key,listing_id,5695344,365,365.0,1.0
partition_key,listing_id,5403847,365,365.0,1.0
partition_key,listing_id,1187735,365,365.0,1.0
partition_key,listing_id,8976178,365,365.0,1.0
partition_key,listing_id,8717068,365,365.0,1.0
partition_key,listing_id,9717757,365,365.0,1.0
partition_key,listing_id,3308825,365,365.0,1.0
partition_key,listing_id,8921924,365,365.0,1.0
partition_key,listing_id,2260626,365,365.0,1.0
partition_key,listing_id,7635496,365,365.0,1.0
partition_key,listing_id,8086294,365,365.0,1.0
partition_key,listing_id,1097766,365,365.0,1.0
partition_key,listing_id,4950847,365,365.0,1.0
partition_key,listing_id,670056,365,365.0,1.0
partition_key,listing_id,7069080,365,365.0,1.0
partition_key,listing_id,4701146,365,365.0,1.0
partition_key,listing_id,670021,365,365.0,1.0
partition_key,listing_id,6813623,365,365.0,1.0
partition_key,listing_id,3208667,365,365.0,1.0
partition_key,listing_id,10332096,365,365.0,1.0
partition_key,listing_id,4951079,365,365.0,1.0
partition_key,listing_id,9233533,365,365.0,1.0
partition_key,listing_id,6782993,365,365.0,1.0
partition_key,listing_id,8340819,365,365.0,1.0
partition_key,listing_id,4024844,365,365.0,1.0
partition_key,listing_id,5397134,365,365.0,1.0
partition_key,listing_id,8061699,365,365.0,1.0
partition_key,listing_id,2934389,365,365.0,1.0
partition_key,listing_id,9316009,365,365.0,1.0
partition_key,listing_id,6652199,365,365.0,1.0
partition_key,listing_id,7948034,365,365.0,1.0
partition_key,listing_id,4291,365,365.0,1.0
partition_key,listing_id,7018009,365,365.0,1.0
partition_key,listing_id,7661577,365,365.0,1.0
partition_key,listing_id,7418814,365,365.0,1.0
partition_key,listing_id,4825073,365,365.0,1.0
partition_key,listing_id,9961388,365,365.0,1.0
partition_key,listing_id,8923774,365,365.0,1.0
partition_key,listing_id,7405128,365,365.0,1.0
partition_key,listing_id,8953255,365,365.0,1.0
partition_key,listing_id,9410302,365,365.0,1.0
partition_key,listing_id,8559462,365,365.0,1.0
partition_key,listing_id,9901852,365,365.0,1.0
partition_key,listing_id,1145941,365,365.0,1.0
partition_key,listing_id,7802149,365,365.0,1.0
partition_key,listing_id,3561108,365,365.0,1.0
partition_key,listing_id,5310503,365,365.0,1.0
partition_key,listing_id,4820795,365,365.0,1.0
partition_key,listing_id,4664312,365,365.0,1.0
partition_key,listing_id,2804399,365,365.0,1.0
partition_key,listing_id,9733835,365,365.0,1.0
partition_key,listing_id,9888395,365,365.0,1.0
partition_key,listing_id,7201336,365,365.0,1.0
partition_key,listing_id,4180905,365,365.0,1.0
partition_key,listing_id,6603061,365,365.0,1.0
partition_key,listing_id,8606766,365,365.0,1.0
partition_key,listing_id,5163047,365,365.0,1.0
partition_key,listing_id,8578023,365,365.0,1.0
partition_key,listing_id,9939038,365,365.0,1.0
partition_key,listing_id,9061048,365,365.0,1.0
partition_key,listing_id,7603457,365,365.0,1.0
partition_key,listing_id,5639238,365,365.0,1.0
partition_key,listing_id,5362889,365,365.0,1.0
partition_key,listing_id,7203408,365,365.0,1.0
partition_key,listing_id,7885859,365,365.0,1.0
partition_key,listing_id,10141859,365,365.0,1.0
partition_key,listing_id,7762347,365,365.0,1.0
partition_key,listing_id,544433,365,365.0,1.0
partition_key,listing_id,9410128,365,365.0,1.0
partition_key,listing_id,6276224,365,365.0,1.0
partition_key,listing_id,5252515,365,365.0,1.0
partition_key,listing_id,1622794,365,365.0,1.0
partition_key,listing_id,9171373,365,365.0,1.0
partition_key,listing_id,8423118,365,365.0,1.0
partition_key,listing_id,6248083,365,365.0,1.0
partition_key,listing_id,7932696,365,365.0,1.0
partition_key,listing_id,3215404,365,365.0,1.0
partition_key,listing_id,9522082,365,365.0,1.0
partition_key,listing_id,3040278,365,365.0,1.0
partition_key,listing_id,9939740,365,365.0,1.0
partition_key,listing_id,1071843,365,365.0,1.0
partition_key,listing_id,4973204,365,365.0,1.0
partition_key,listing_id,6584984,365,365.0,1.0
partition_key,listing_id,9118240,365,365.0,1.0
partition_key,listing_id,6971260,365,365.0,1.0
partition_key,listing_id,3738724,365,365.0,1.0
partition_key,listing_id,945833,365,365.0,1.0
partition_key,listing_id,5261239,365,365.0,1.0
partition_key,listing_id,4596493,365,365.0,1.0
partition_key,listing_id,4310055,365,365.0,1.0
partition_key,listing_id,3720429,365,365.0,1.0
partition_key,listing_id,6956301,365,365.0,1.0
partition_key,listing_id,6750430,365,365.0,1.0
partition_key,listing_id,8373664,365,365.0,1.0
partition_key,listing_id,6783394,365,365.0,1.0
partition_key,listing_id,9332620,365,365.0,1.0
partition_key,listing_id,6727846,365,365.0,1.0
partition_key,listing_id,1321090,365,365.0,1.0
partition_key,listing_id,10170744,365,365.0,1.0
partition_key,listing_id,8503720,365,365.0,1.0
partition_key,listing_id,6780670,365,365.0,1.0
partition_key,listing_id,9370738,365,365.0,1.0
partition_key,listing_id,1060467,365,365.0,1.0
partition_key,listing_id,9516743,365,365.0,1.0
partition_key,listing_id,6240501,365,365.0,1.0
partition_key,listing_id,8150145,365,365.0,1.0
partition_key,listing_id,8967776,365,365.0,1.0
partition_key,listing_id,10000273,365,365.0,1.0
partition_key,listing_id,9679301,365,365.0,1.0
partition_key,listing_id,8690491,365,365.0,1.0
partition_key,listing_id,7678064,365,365.0,1.0
partition_key,listing_id,7798575,365,365.0,1.0
partition_key,listing_id,4988679,365,365.0,1.0
partition_key,listing_id,6093756,365,365.0,1.0
partition_key,listing_id,7921289,365,365.0,1.0
partition_key,listing_id,10108451,365,365.0,1.0
partition_key,listing_id,8117705,365,365.0,1.0
partition_key,listing_id,4324917,365,365.0,1.0
partition_key,listing_id,5061566,365,365.0,1.0
partition_key,listing_id,8575663,365,365.0,1.0
partition_key,listing_id,8518308,365,365.0,1.0
partition_key,listing_id,3562617,365,365.0,1.0
partition_key,listing_id,7109735,365,365.0,1.0
partition_key,listing_id,8501721,365,365.0,1.0
partition_key,listing_id,5306727,365,365.0,1.0
partition_key,listing_id,909102,365,365.0,1.0
partition_key,listing_id,8608525,365,365.0,1.0
partition_key,listing_id,170273,365,365.0,1.0
partition_key,listing_id,7075913,365,365.0,1.0
partition_key,listing_id,481220,365,365.0,1.0
partition_key,listing_id,6961346,365,365.0,1.0
partition_key,listing_id,9975073,365,365.0,1.0
partition_key,listing_id,6517594,365,365.0,1.0
partition_key,listing_id,10170577,365,365.0,1.0
partition_key,listing_id,7680670,365,365.0,1.0
partition_key,listing_id,5946675,365,365.0,1.0
partition_key,listing_id,7162664,365,365.0,1.0
partition_key,listing_id,6901218,365,365.0,1.0
partition_key,listing_id,4951430,365,365.0,1.0
partition_key,listing_id,7202016,365,365.0,1.0
partition_key,listing_id,5538663,365,365.0,1.0
partition_key,listing_id,363064,365,365.0,1.0
partition_key,listing_id,7809595,365,365.0,1.0
partition_key,listing_id,9094836,365,365.0,1.0
partition_key,listing_id,3039438,365,365.0,1.0
partition_key,listing_id,8847979,365,365.0,1.0
partition_key,listing_id,4047399,365,365.0,1.0
partition_key,listing_id,66611,365,365.0,1.0
partition_key,listing_id,7279669,365,365.0,1.0
partition_key,listing_id,9716348,365,365.0,1.0
partition_key,listing_id,9887142,365,365.0,1.0
partition_key,listing_id,7007118,365,365.0,1.0
partition_key,listing_id,5325809,365,365.0,1.0
partition_key,listing_id,6342327,365,365.0,1.0
partition_key,listing_id,555182,365,365.0,1.0
partition_key,listing_id,6729818,365,365.0,1.0
partition_key,listing_id,66540,365,365.0,1.0
partition_key,listing_id,8098383,365,365.0,1.0
partition_key,listing_id,5930473,365,365.0,1.0
partition_key,listing_id,47491,365,365.0,1.0
partition_key,listing_id,447523,365,365.0,1.0
partition_key,listing_id,3961077,365,365.0,1.0
partition_key,listing_id,52525,365,365.0,1.0
partition_key,listing_id,6811792,365,365.0,1.0
partition_key,listing_id,7619727,365,365.0,1.0
partition_key,listing_id,270370,365,365.0,1.0
partition_key,listing_id,7221204,365,365.0,1.0
partition_key,listing_id,6495424,365,365.0,1.0
partition_key,listing_id,2737038,365,365.0,1.0
partition_key,listing_id,9034515,365,365.0,1.0
partition_key,listing_id,8147215,365,365.0,1.0
partition_key,listing_id,6376952,365,365.0,1.0
partition_key,listing_id,10319529,365,365.0,1.0
partition_key,listing_id,3613516,365,365.0,1.0
partition_key,listing_id,8780704,365,365.0,1.0
partition_key,listing_id,9714078,365,365.0,1.0
partition_key,listing_id,1593991,365,365.0,1.0
partition_key,listing_id,6239108,365,365.0,1.0
partition_key,listing_id,2303981,365,365.0,1.0
partition_key,listing_id,5104077,365,365.0,1.0
partition_key,listing_id,7434103,365,365.0,1.0
partition_key,listing_id,8233110,365,365.0,1.0
partition_key,listing_id,6438099,365,365.0,1.0
partition_key,listing_id,7650458,365,365.0,1.0
partition_key,listing_id,7219541,365,365.0,1.0
partition_key,listing_id,4092037,365,365.0,1.0
partition_key,listing_id,475361,365,365.0,1.0
partition_key,listing_id,6327662,365,365.0,1.0
partition_key,listing_id,9679741,365,365.0,1.0
partition_key,listing_id,2630912,365,365.0,1.0
partition_key,listing_id,6629657,365,365.0,1.0
partition_key,listing_id,1340668,365,365.0,1.0
partition_key,listing_id,8474584,365,365.0,1.0
partition_key,listing_id,9460991,365,365.0,1.0
partition_key,listing_id,7066118,365,365.0,1.0
partition_key,listing_id,4681885,365,365.0,1.0
partition_key,listing_id,9154462,365,365.0,1.0
partition_key,listing_id,3689416,365,365.0,1.0
partition_key,listing_id,3263722,365,365.0,1.0
partition_key,listing_id,5309974,365,365.0,1.0
partition_key,listing_id,1793138,365,365.0,1.0
partition_key,listing_id,8371720,365,365.0,1.0
partition_key,listing_id,8310249,365,365.0,1.0
partition_key,listing_id,8310398,365,365.0,1.0
partition_key,listing_id,158345,365,365.0,1.0
partition_key,listing_id,173896,365,365.0,1.0
partition_key,listing_id,6759038,365,365.0,1.0
partition_key,listing_id,9138923,365,365.0,1.0
partition_key,listing_id,6018416,365,365.0,1.0
partition_key,listing_id,1777158,365,365.0,1.0
partition_key,listing_id,5364414,365,365.0,1.0
partition_key,listing_id,1856253,365,365.0,1.0
partition_key,listing_id,6994406,365,365.0,1.0
partition_key,listing_id,1488166,365,365.0,1.0
partition_key,listing_id,463768,365,365.0,1.0
partition_key,listing_id,4334804,365,365.0,1.0
partition_key,listing_id,9331145,365,365.0,1.0
partition_key,listing_id,7389248,365,365.0,1.0
partition_key,listing_id,1022135,365,365.0,1.0
partition_key,listing_id,1219691,365,365.0,1.0
partition_key,listing_id,7969698,365,365.0,1.0
partition_key,listing_id,7403174,365,365.0,1.0
partition_key,listing_id,7368599,365,365.0,1.0
partition_key,listing_id,1692318,365,365.0,1.0
partition_key,listing_id,5950957,365,365.0,1.0
partition_key,listing_id,315120,365,365.0,1.0
partition_key,listing_id,3925572,365,365.0,1.0
partition_key,listing_id,5308339,365,365.0,1.0
partition_key,listing_id,8426749,365,365.0,1.0
partition_key,listing_id,107962,365,365.0,1.0
partition_key,listing_id,9220485,365,365.0,1.0
partition_key,listing_id,8446541,365,365.0,1.0
partition_key,listing_id,9675736,365,365.0,1.0
partition_key,listing_id,7534812,365,365.0,1.0
partition_key,listing_id,7839723,365,365.0,1.0
partition_key,listing_id,3209964,365,365.0,1.0
partition_key,listing_id,5607404,365,365.0,1.0
partition_key,listing_id,6103108,365,365.0,1.0
partition_key,listing_id,9938792,365,365.0,1.0
partition_key,listing_id,1851863,365,365.0,1.0
partition_key,listing_id,8130015,365,365.0,1.0
partition_key,listing_id,8957312,365,365.0,1.0
partition_key,listing_id,2426152,365,365.0,1.0
partition_key,listing_id,7826447,365,365.0,1.0
partition_key,listing_id,9595087,365,365.0,1.0
partition_key,listing_id,8524565,365,365.0,1.0
partition_key,listing_id,1561256,365,365.0,1.0
partition_key,listing_id,2686624,365,365.0,1.0
partition_key,listing_id,2897897,365,365.0,1.0
partition_key,listing_id,7748349,365,365.0,1.0
partition_key,listing_id,704477,365,365.0,1.0
partition_key,listing_id,8411627,365,365.0,1.0
partition_key,listing_id,7559939,365,365.0,1.0
partition_key,listing_id,8870139,365,365.0,1.0
partition_key,listing_id,7198282,365,365.0,1.0
partition_key,listing_id,7441508,365,365.0,1.0
partition_key,listing_id,5882923,365,365.0,1.0
partition_key,listing_id,6445769,365,365.0,1.0
partition_key,listing_id,3959460,365,365.0,1.0
partition_key,listing_id,7974112,365,365.0,1.0
partition_key,listing_id,320704,365,365.0,1.0
partition_key,listing_id,3250577,365,365.0,1.0
partition_key,listing_id,8053049,365,365.0,1.0
partition_key,listing_id,7349099,365,365.0,1.0
partition_key,listing_id,5022572,365,365.0,1.0
partition_key,listing_id,10191917,365,365.0,1.0
partition_key,listing_id,5123904,365,365.0,1.0
partition_key,listing_id,2471731,365,365.0,1.0
partition_key,listing_id,7803176,365,365.0,1.0
partition_key,listing_id,4318814,365,365.0,1.0
partition_key,listing_id,4187961,365,365.0,1.0
partition_key,listing_id,7161897,365,365.0,1.0
partition_key,listing_id,8611952,365,365.0,1.0
partition_key,listing_id,5805907,365,365.0,1.0
partition_key,listing_id,5433597,365,365.0,1.0
partition_key,listing_id,7968548,365,365.0,1.0
partition_key,listing_id,4638785,365,365.0,1.0
partition_key,listing_id,4104442,365,365.0,1.0
partition_key,listing_id,3883041,365,365.0,1.0
partition_key,listing_id,8441477,365,365.0,1.0
partition_key,listing_id,6119785,365,365.0,1.0
partition_key,listing_id,103466,365,365.0,1.0
partition_key,listing_id,8168876,365,365.0,1.0
partition_key,listing_id,2557712,365,365.0,1.0
partition_key,listing_id,3238295,365,365.0,1.0
partition_key,listing_id,4784639,365,365.0,1.0
partition_key,listing_id,4403171,365,365.0,1.0
partition_key,listing_id,1133329,365,365.0,1.0
partition_key,listing_id,2723368,365,365.0,1.0
partition_key,listing_id,7420762,365,365.0,1.0
partition_key,listing_id,4947002,365,365.0,1.0
partition_key,listing_id,3209633,365,365.0,1.0
partition_key,listing_id,4395502,365,365.0,1.0
partition_key,listing_id,6992387,365,365.0,1.0
partition_key,listing_id,9068419,365,365.0,1.0
partition_key,listing_id,5029665,365,365.0,1.0
partition_key,listing_id,9229043,365,365.0,1.0
partition_key,listing_id,4084398,365,365.0,1.0
partition_key,listing_id,6577729,365,365.0,1.0
partition_key,listing_id,9199082,365,365.0,1.0
partition_key,listing_id,7970663,365,365.0,1.0
partition_key,listing_id,2858482,365,365.0,1.0
partition_key,listing_id,9715029,365,365.0,1.0
partition_key,listing_id,7748866,365,365.0,1.0
partition_key,listing_id,9739482,365,365.0,1.0
partition_key,listing_id,5078129,365,365.0,1.0
partition_key,listing_id,2808357,365,365.0,1.0
partition_key,listing_id,6543677,365,365.0,1.0
partition_key,listing_id,202251,365,365.0,1.0
partition_key,listing_id,8402434,365,365.0,1.0
partition_key,listing_id,6438518,365,365.0,1.0
partition_key,listing_id,5444457,365,365.0,1.0
partition_key,listing_id,7574864,365,365.0,1.0
partition_key,listing_id,2969955,365,365.0,1.0
partition_key,listing_id,9473312,365,365.0,1.0
partition_key,listing_id,254340,365,365.0,1.0
partition_key,listing_id,496074,365,365.0,1.0
partition_key,listing_id,9217337,365,365.0,1.0
partition_key,listing_id,4130102,365,365.0,1.0
partition_key,listing_id,1256892,365,365.0,1.0
partition_key,listing_id,9348375,365,365.0,1.0
partition_key,listing_id,4598160,365,365.0,1.0
partition_key,listing_id,6127974,365,365.0,1.0
partition_key,listing_id,748526,365,365.0,1.0
partition_key,listing_id,3908378,365,365.0,1.0
partition_key,listing_id,2868006,365,365.0,1.0
partition_key,listing_id,5683646,365,365.0,1.0
partition_key,listing_id,2762241,365,365.0,1.0
partition_key,listing_id,4760181,365,365.0,1.0
partition_key,listing_id,4287974,365,365.0,1.0
partition_key,listing_id,48848,365,365.0,1.0
partition_key,listing_id,9999759,365,365.0,1.0
partition_key,listing_id,3774113,365,365.0,1.0
partition_key,listing_id,8227710,365,365.0,1.0
partition_key,listing_id,23919,365,365.0,1.0
partition_key,listing_id,7698721,365,365.0,1.0
partition_key,listing_id,7872818,365,365.0,1.0
partition_key,listing_id,8289871,365,365.0,1.0
partition_key,listing_id,1737244,365,365.0,1.0
partition_key,listing_id,1429904,365,365.0,1.0
partition_key,listing_id,9074837,365,365.0,1.0
partition_key,listing_id,4278896,365,365.0,1.0
partition_key,listing_id,4016079,365,365.0,1.0
partition_key,listing_id,7389950,365,365.0,1.0
partition_key,listing_id,3529563,365,365.0,1.0
partition_key,listing_id,8612922,365,365.0,1.0
partition_key,listing_id,7564942,365,365.0,1.0
partition_key,listing_id,5228066,365,365.0,1.0
partition_key,listing_id,8150045,365,365.0,1.0
partition_key,listing_id,3413183,365,365.0,1.0
partition_key,listing_id,3123041,365,365.0,1.0
partition_key,listing_id,2492143,365,365.0,1.0
partition_key,listing_id,6714652,365,365.0,1.0
partition_key,listing_id,6678058,365,365.0,1.0
partition_key,listing_id,1696194,365,365.0,1.0
partition_key,listing_id,9352778,365,365.0,1.0
partition_key,listing_id,2720963,365,365.0,1.0
partition_key,listing_id,6591879,365,365.0,1.0
partition_key,listing_id,10023353,365,365.0,1.0
partition_key,listing_id,8207987,365,365.0,1.0
partition_key,listing_id,3971346,365,365.0,1.0
partition_key,listing_id,3382533,365,365.0,1.0
partition_key,listing_id,8943821,365,365.0,1.0
partition_key,listing_id,4485424,365,365.0,1.0
partition_key,listing_id,7227464,365,365.0,1.0
partition_key,listing_id,2958318,365,365.0,1.0
partition_key,listing_id,4066344,365,365.0,1.0
partition_key,listing_id,8012443,365,365.0,1.0
partition_key,listing_id,8094338,365,365.0,1.0
partition_key,listing_id,5096363,365,365.0,1.0
partition_key,listing_id,1980283,365,365.0,1.0
partition_key,listing_id,2761092,365,365.0,1.0
partition_key,listing_id,4163204,365,365.0,1.0
partition_key,listing_id,1145148,365,365.0,1.0
partition_key,listing_id,7039427,365,365.0,1.0
partition_key,listing_id,7527242,365,365.0,1.0
partition_key,listing_id,8286095,365,365.0,1.0
partition_key,listing_id,9238818,365,365.0,1.0
partition_key,listing_id,3025456,365,365.0,1.0
partition_key,listing_id,6888107,365,365.0,1.0
partition_key,listing_id,3242605,365,365.0,1.0
partition_key,listing_id,6118198,365,365.0,1.0
partition_key,listing_id,189156,365,365.0,1.0
partition_key,listing_id,6990677,365,365.0,1.0
partition_key,listing_id,8194886,365,365.0,1.0
partition_key,listing_id,8645226,365,365.0,1.0
partition_key,listing_id,859467,365,365.0,1.0
partition_key,listing_id,9096972,365,365.0,1.0
partition_key,listing_id,1246117,365,365.0,1.0
partition_key,listing_id,7665415,365,365.0,1.0
partition_key,listing_id,8583457,365,365.0,1.0
partition_key,listing_id,146301,365,365.0,1.0
partition_key,listing_id,677266,365,365.0,1.0
partition_key,listing_id,9419,365,365.0,1.0
partition_key,listing_id,1950012,365,365.0,1.0
partition_key,listing_id,9508837,365,365.0,1.0
partition_key,listing_id,226677,365,365.0,1.0
partition_key,listing_id,7256122,365,365.0,1.0
partition_key,listing_id,6765354,365,365.0,1.0
partition_key,listing_id,3303376,365,365.0,1.0
partition_key,listing_id,10060388,365,365.0,1.0
partition_key,listing_id,8570596,365,365.0,1.0
partition_key,listing_id,4589654,365,365.0,1.0
partition_key,listing_id,7843145,365,365.0,1.0
partition_key,listing_id,8194164,365,365.0,1.0
partition_key,listing_id,4252591,365,365.0,1.0
partition_key,listing_id,6810430,365,365.0,1.0
partition_key,listing_id,902609,365,365.0,1.0
partition_key,listing_id,696004,365,365.0,1.0
partition_key,listing_id,4824581,365,365.0,1.0
partition_key,listing_id,72743,365,365.0,1.0
partition_key,listing_id,6019762,365,365.0,1.0
partition_key,listing_id,6133684,365,365.0,1.0
partition_key,listing_id,4182732,365,365.0,1.0
partition_key,listing_id,6479027,365,365.0,1.0
partition_key,listing_id,2508065,365,365.0,1.0
partition_key,listing_id,8089781,365,365.0,1.0
partition_key,listing_id,7692789,365,365.0,1.0
partition_key,listing_id,8136553,365,365.0,1.0
partition_key,listing_id,1042022,365,365.0,1.0
partition_key,listing_id,8863714,365,365.0,1.0
partition_key,listing_id,4557204,365,365.0,1.0
partition_key,listing_id,6644760,365,365.0,1.0
partition_key,listing_id,8764748,365,365.0,1.0
partition_key,listing_id,9342299,365,365.0,1.0
partition_key,listing_id,4464542,365,365.0,1.0
partition_key,listing_id,3817141,365,365.0,1.0
partition_key,listing_id,2103939,365,365.0,1.0
partition_key,listing_id,8387068,365,365.0,1.0
partition_key,listing_id,5249067,365,365.0,1.0
partition_key,listing_id,7620570,365,365.0,1.0
partition_key,listing_id,6993726,365,365.0,1.0
partition_key,listing_id,9463491,365,365.0,1.0
partition_key,listing_id,6908161,365,365.0,1.0
partition_key,listing_id,9169270,365,365.0,1.0
partition_key,listing_id,7940358,365,365.0,1.0
partition_key,listing_id,4632923,365,365.0,1.0
partition_key,listing_id,2764126,365,365.0,1.0
partition_key,listing_id,4710866,365,365.0,1.0
partition_key,listing_id,3994601,365,365.0,1.0
partition_key,listing_id,7873208,365,365.0,1.0
partition_key,listing_id,3811828,365,365.0,1.0
partition_key,listing_id,7873345,365,365.0,1.0
partition_key,listing_id,3811930,365,365.0,1.0
partition_key,listing_id,2670365,365,365.0,1.0
partition_key,listing_id,4225225,365,365.0,1.0
partition_key,listing_id,5728135,365,365.0,1.0
partition_key,listing_id,1818768,365,365.0,1.0
partition_key,listing_id,8689375,365,365.0,1.0
partition_key,listing_id,9509695,365,365.0,1.0
partition_key,listing_id,9156273,365,365.0,1.0
partition_key,listing_id,6185083,365,365.0,1.0
partition_key,listing_id,5738982,365,365.0,1.0
partition_key,listing_id,8969737,365,365.0,1.0
partition_key,listing_id,2500188,365,365.0,1.0
partition_key,listing_id,3416590,365,365.0,1.0
partition_key,listing_id,6074312,365,365.0,1.0
partition_key,listing_id,9696950,365,365.0,1.0
partition_key,listing_id,9920856,365,365.0,1.0
partition_key,listing_id,2268329,365,365.0,1.0
partition_key,listing_id,8868025,365,365.0,1.0
partition_key,listing_id,1049293,365,365.0,1.0
partition_key,listing_id,4401544,365,365.0,1.0
partition_key,listing_id,7275464,365,365.0,1.0
partition_key,listing_id,7823973,365,365.0,1.0
partition_key,listing_id,8507873,365,365.0,1.0
partition_key,listing_id,8131881,365,365.0,1.0
partition_key,listing_id,6592178,365,365.0,1.0
partition_key,listing_id,825574,365,365.0,1.0
partition_key,listing_id,194313,365,365.0,1.0
partition_key,listing_id,5470943,365,365.0,1.0
partition_key,listing_id,1547337,365,365.0,1.0
partition_key,listing_id,3932674,365,365.0,1.0
partition_key,listing_id,3811955,365,365.0,1.0
partition_key,listing_id,6911511,365,365.0,1.0
partition_key,listing_id,5040885,365,365.0,1.0
partition_key,listing_id,1633025,365,365.0,1.0
partition_key,listing_id,7492006,365,365.0,1.0
partition_key,listing_id,7368959,365,365.0,1.0
partition_key,listing_id,6934128,365,365.0,1.0
partition_key,listing_id,8409695,365,365.0,1.0
partition_key,listing_id,7050204,365,365.0,1.0
partition_key,listing_id,8926188,365,365.0,1.0
partition_key,listing_id,5297143,365,365.0,1.0
partition_key,listing_id,6228211,365,365.0,1.0
partition_key,listing_id,1815677,365,365.0,1.0
partition_key,listing_id,4388148,365,365.0,1.0
partition_key,listing_id,1432713,365,365.0,1.0
partition_key,listing_id,4454264,365,365.0,1.0
partition_key,listing_id,5164194,365,365.0,1.0
partition_key,listing_id,6066570,365,365.0,1.0
partition_key,listing_id,1880734,365,365.0,1.0
partition_key,listing_id,7127036,365,365.0,1.0
partition_key,listing_id,10248139,365,365.0,1.0
partition_key,listing_id,1974131,365,365.0,1.0
partition_key,listing_id,8306581,365,365.0,1.0
partition_key,listing_id,6627184,365,365.0,1.0
partition_key,listing_id,2211594,365,365.0,1.0
partition_key,listing_id,8613792,365,365.0,1.0
partition_key,listing_id,2367298,365,365.0,1.0
partition_key,listing_id,7871885,365,365.0,1.0
partition_key,listing_id,7025898,365,365.0,1.0
partition_key,listing_id,722537,365,365.0,1.0
partition_key,listing_id,9435279,365,365.0,1.0
partition_key,listing_id,10135468,365,365.0,1.0
partition_key,listing_id,2882641,365,365.0,1.0
partition_key,listing_id,7805332,365,365.0,1.0
partition_key,listing_id,7584142,365,365.0,1.0
partition_key,listing_id,1307898,365,365.0,1.0
partition_key,listing_id,9435483,365,365.0,1.0
partition_key,listing_id,3446274,365,365.0,1.0
partition_key,listing_id,3041619,365,365.0,1.0
partition_key,listing_id,10139271,365,365.0,1.0
partition_key,listing_id,47196,365,365.0,1.0
partition_key,listing_id,8296857,365,365.0,1.0
partition_key,listing_id,8845144,365,365.0,1.0
partition_key,listing_id,5969069,365,365.0,1.0
partition_key,listing_id,9368677,365,365.0,1.0
partition_key,listing_id,6837338,365,365.0,1.0
partition_key,listing_id,6865696,365,365.0,1.0
partition_key,listing_id,6591894,365,365.0,1.0
partition_key,listing_id,3773784,365,365.0,1.0
partition_key,listing_id,10318171,365,365.0,1.0
partition_key,listing_id,3666970,365,365.0,1.0
partition_key,listing_id,3994634,365,365.0,1.0
partition_key,listing_id,8090541,365,365.0,1.0
partition_key,listing_id,7222136,365,365.0,1.0
partition_key,listing_id,299817,365,365.0,1.0
partition_key,listing_id,5927083,365,365.0,1.0
partition_key,listing_id,6066185,365,365.0,1.0
partition_key,listing_id,5685908,365,365.0,1.0
partition_key,listing_id,9023202,365,365.0,1.0
partition_key,listing_id,707424,365,365.0,1.0
partition_key,listing_id,7151093,365,365.0,1.0
partition_key,listing_id,8924032,365,365.0,1.0
partition_key,listing_id,1002835,365,365.0,1.0
partition_key,listing_id,8670484,365,365.0,1.0
partition_key,listing_id,9727246,365,365.0,1.0
partition_key,listing_id,2526405,365,365.0,1.0
partition_key,listing_id,4710869,365,365.0,1.0
partition_key,listing_id,3504521,365,365.0,1.0
partition_key,listing_id,6637899,365,365.0,1.0
partition_key,listing_id,3811872,365,365.0,1.0
partition_key,listing_id,3720731,365,365.0,1.0
partition_key,listing_id,3926008,365,365.0,1.0
partition_key,listing_id,9863565,365,365.0,1.0
partition_key,listing_id,7824426,365,365.0,1.0
partition_key,listing_id,2778101,365,365.0,1.0
partition_key,listing_id,10019082,365,365.0,1.0
partition_key,listing_id,6586979,365,365.0,1.0
partition_key,listing_id,9618016,365,365.0,1.0
partition_key,listing_id,442487,365,365.0,1.0
partition_key,listing_id,8457402,365,365.0,1.0
partition_key,listing_id,2297917,365,365.0,1.0
partition_key,listing_id,1920477,365,365.0,1.0
partition_key,listing_id,7860837,365,365.0,1.0
partition_key,listing_id,5304739,365,365.0,1.0
partition_key,listing_id,8051134,365,365.0,1.0
partition_key,listing_id,1557314,365,365.0,1.0
partition_key,listing_id,451012,365,365.0,1.0
partition_key,listing_id,6797786,365,365.0,1.0
partition_key,listing_id,2474569,365,365.0,1.0
partition_key,listing_id,689309,365,365.0,1.0
partition_key,listing_id,5059981,365,365.0,1.0
partition_key,listing_id,3986793,365,365.0,1.0
partition_key,listing_id,1594313,365,365.0,1.0
partition_key,listing_id,4936647,365,365.0,1.0
partition_key,listing_id,1594219,365,365.0,1.0
partition_key,listing_id,8799588,365,365.0,1.0
partition_key,listing_id,7662775,365,365.0,1.0
partition_key,listing_id,490076,365,365.0,1.0
partition_key,listing_id,9217030,365,365.0,1.0
partition_key,listing_id,7756839,365,365.0,1.0
partition_key,listing_id,116221,365,365.0,1.0
partition_key,listing_id,6921373,365,365.0,1.0
partition_key,listing_id,7743727,365,365.0,1.0
partition_key,listing_id,649243,365,365.0,1.0
partition_key,listing_id,2989758,365,365.0,1.0
partition_key,listing_id,4518474,365,365.0,1.0
partition_key,listing_id,1796302,365,365.0,1.0
partition_key,listing_id,53803,365,365.0,1.0
partition_key,listing_id,6867053,365,365.0,1.0
partition_key,listing_id,9693230,365,365.0,1.0
partition_key,listing_id,6750264,365,365.0,1.0
partition_key,listing_id,6392029,365,365.0,1.0
partition_key,listing_id,2731253,365,365.0,1.0
partition_key,listing_id,5625964,365,365.0,1.0
partition_key,listing_id,38545,365,365.0,1.0
partition_key,listing_id,8699046,365,365.0,1.0
partition_key,listing_id,9174327,365,365.0,1.0
partition_key,listing_id,6169489,365,365.0,1.0
partition_key,listing_id,9511777,365,365.0,1.0
partition_key,listing_id,3489837,365,365.0,1.0
partition_key,listing_id,5905958,365,365.0,1.0
partition_key,listing_id,3768742,365,365.0,1.0
partition_key,listing_id,1593939,365,365.0,1.0
partition_key,listing_id,6087451,365,365.0,1.0
partition_key,listing_id,6179956,365,365.0,1.0
partition_key,listing_id,10060674,365,365.0,1.0
partition_key,listing_id,9822848,365,365.0,1.0
partition_key,listing_id,2391699,365,365.0,1.0
partition_key,listing_id,1118153,365,365.0,1.0
partition_key,listing_id,1100686,365,365.0,1.0
partition_key,listing_id,9925458,365,365.0,1.0
partition_key,listing_id,1146966,365,365.0,1.0
partition_key,listing_id,2525172,365,365.0,1.0
partition_key,listing_id,8463726,365,365.0,1.0
partition_key,listing_id,51826,365,365.0,1.0
partition_key,listing_id,7805491,365,365.0,1.0
partition_key,listing_id,7701014,365,365.0,1.0
partition_key,listing_id,1279660,365,365.0,1.0
partition_key,listing_id,5252877,365,365.0,1.0
partition_key,listing_id,935845,365,365.0,1.0
partition_key,listing_id,3844087,365,365.0,1.0
partition_key,listing_id,6923948,365,365.0,1.0
partition_key,listing_id,7178239,365,365.0,1.0
partition_key,listing_id,2075094,365,365.0,1.0
partition_key,listing_id,5892185,365,365.0,1.0
partition_key,listing_id,7596455,365,365.0,1.0
partition_key,listing_id,9513636,365,365.0,1.0
partition_key,listing_id,5992032,365,365.0,1.0
partition_key,listing_id,3534444,365,365.0,1.0
partition_key,listing_id,8080939,365,365.0,1.0
partition_key,listing_id,5525073,365,365.0,1.0
partition_key,listing_id,5402304,365,365.0,1.0
partition_key,listing_id,6288141,365,365.0,1.0
partition_key,listing_id,1781723,365,365.0,1.0
partition_key,listing_id,2061463,365,365.0,1.0
partition_key,listing_id,4871348,365,365.0,1.0
partition_key,listing_id,7616031,365,365.0,1.0
partition_key,listing_id,7761509,365,365.0,1.0
partition_key,listing_id,6516775,365,365.0,1.0
partition_key,listing_id,5848330,365,365.0,1.0
partition_key,listing_id,9189391,365,365.0,1.0
partition_key,listing_id,9533803,365,365.0,1.0
partition_key,listing_id,5902452,365,365.0,1.0
partition_key,listing_id,219532,365,365.0,1.0
partition_key,listing_id,7217102,365,365.0,1.0
partition_key,listing_id,2727808,365,365.0,1.0
partition_key,listing_id,7151417,365,365.0,1.0
partition_key,listing_id,7069143,365,365.0,1.0
partition_key,listing_id,8683011,365,365.0,1.0
partition_key,listing_id,4357979,365,365.0,1.0
partition_key,listing_id,8118110,365,365.0,1.0
partition_key,listing_id,5766989,365,365.0,1.0
partition_key,listing_id,8306501,365,365.0,1.0
partition_key,listing_id,4349344,365,365.0,1.0
partition_key,listing_id,8633733,365,365.0,1.0
partition_key,listing_id,7396707,365,365.0,1.0
partition_key,listing_id,394408,365,365.0,1.0
partition_key,listing_id,8412143,365,365.0,1.0
partition_key,listing_id,5728739,365,365.0,1.0
partition_key,listing_id,3931571,365,365.0,1.0
partition_key,listing_id,3899160,365,365.0,1.0
partition_key,listing_id,8428825,365,365.0,1.0
partition_key,listing_id,3554558,365,365.0,1.0
partition_key,listing_id,3931346,365,365.0,1.0
partition_key,listing_id,4250749,365,365.0,1.0
partition_key,listing_id,6290509,365,365.0,1.0
partition_key,listing_id,2693700,365,365.0,1.0
partition_key,listing_id,7857241,365,365.0,1.0
partition_key,listing_id,8009814,365,365.0,1.0
partition_key,listing_id,3963320,365,365.0,1.0
partition_key,listing_id,6289789,365,365.0,1.0
partition_key,listing_id,1513847,365,365.0,1.0
partition_key,listing_id,6183721,365,365.0,1.0
partition_key,listing_id,5061411,365,365.0,1.0
partition_key,listing_id,3594959,365,365.0,1.0
partition_key,listing_id,637710,365,365.0,1.0
partition_key,listing_id,8968494,365,365.0,1.0
partition_key,listing_id,1702092,365,365.0,1.0
partition_key,listing_id,5781547,365,365.0,1.0
partition_key,listing_id,7821351,365,365.0,1.0
partition_key,listing_id,6937071,365,365.0,1.0
partition_key,listing_id,3258386,365,365.0,1.0
partition_key,listing_id,6592421,365,365.0,1.0
partition_key,listing_id,3143175,365,365.0,1.0
partition_key,listing_id,4322622,365,365.0,1.0
partition_key,listing_id,9262389,365,365.0,1.0
partition_key,listing_id,6043482,365,365.0,1.0
partition_key,listing_id,8632651,365,365.0,1.0
partition_key,listing_id,6107901,365,365.0,1.0
partition_key,listing_id,4993710,365,365.0,1.0
partition_key,listing_id,7853498,365,365.0,1.0
partition_key,listing_id,430609,365,365.0,1.0
partition_key,listing_id,7646637,365,365.0,1.0
partition_key,listing_id,1069562,365,365.0,1.0
partition_key,listing_id,119103,365,365.0,1.0
partition_key,listing_id,8687967,365,365.0,1.0
partition_key,listing_id,282934,365,365.0,1.0
partition_key,listing_id,5787922,365,365.0,1.0
partition_key,listing_id,8081658,365,365.0,1.0
partition_key,listing_id,3898413,365,365.0,1.0
partition_key,listing_id,7009282,365,365.0,1.0
partition_key,listing_id,9196007,365,365.0,1.0
partition_key,listing_id,4100009,365,365.0,1.0
partition_key,listing_id,4738971,365,365.0,1.0
partition_key,listing_id,692671,365,365.0,1.0
partition_key,listing_id,5893969,365,365.0,1.0
partition_key,listing_id,215954,365,365.0,1.0
partition_key,listing_id,2494157,365,365.0,1.0
partition_key,listing_id,7745196,365,365.0,1.0
partition_key,listing_id,4645405,365,365.0,1.0
partition_key,listing_id,2755730,365,365.0,1.0
partition_key,listing_id,7949448,365,365.0,1.0
partition_key,listing_id,9288840,365,365.0,1.0
partition_key,listing_id,3312406,365,365.0,1.0
partition_key,listing_id,6621924,365,365.0,1.0
partition_key,listing_id,5673552,365,365.0,1.0
partition_key,listing_id,609701,365,365.0,1.0
partition_key,listing_id,10118341,365,365.0,1.0
partition_key,listing_id,2614387,365,365.0,1.0
partition_key,listing_id,7735100,365,365.0,1.0
partition_key,listing_id,5482204,365,365.0,1.0
partition_key,listing_id,4524575,365,365.0,1.0
partition_key,listing_id,8562314,365,365.0,1.0
partition_key,listing_id,9698202,365,365.0,1.0
partition_key,listing_id,7178490,365,365.0,1.0
partition_key,listing_id,8054902,365,365.0,1.0
partition_key,listing_id,5458027,365,365.0,1.0
partition_key,listing_id,4940491,365,365.0,1.0
partition_key,listing_id,1844791,365,365.0,1.0
partition_key,listing_id,6120046,365,365.0,1.0
partition_key,listing_id,262764,365,365.0,1.0
partition_key,listing_id,8578490,365,365.0,1.0
partition_key,listing_id,3383329,365,365.0,1.0
partition_key,listing_id,8101950,365,365.0,1.0
partition_key,listing_id,8902327,365,365.0,1.0
partition_key,listing_id,10267360,365,365.0,1.0
partition_key,listing_id,9604740,365,365.0,1.0
partition_key,listing_id,10208623,365,365.0,1.0
